1,Bitcoin
2,Litecoin
3,Namecoin
4,Terracoin
5,Peercoin
8,Feathercoin
10,Freicoin
13,Ixcoin
16,WorldCoin
18,Digitalcoin
25,Goldcoin
35,Phoenixcoin
37,Megacoin
41,Infinitecoin
42,Primecoin
43,Anoncoin
45,CasinoCoin
50,Emerald Crypto
52,XRP
53,Quark
56,Zetacoin
61,TagCoin
64,FLO
66,Nxt
67,Unobtanium
69,Datacoin
72,Deutsche eMark
74,Dogecoin
77,Diamond
78,HoboNickels
80,Orbitcoin
83,Omni
87,FedoraCoin
90,Dimecoin
93,42-coin
99,Vertcoin
109,DigiByte
113,SmartCoin
118,ReddCoin
122,PotCoin
125,Blakecoin
128,Maxcoin
131,Dash
132,Counterparty
141,MintCoin
145,DopeCoin
148,Auroracoin
151,Pesetacoin
154,Marscoin
168,Uniform Fiscal Object
170,BlackCoin
175,Photon
182,Myriad
184,DNotes
201,Einsteinium
212,ECC
213,MonaCoin
215,Rubycoin
217,Bela
224,FairCoin
233,SolarCoin
234,e-Gulden
254,Gulden
258,Groestlcoin
260,PetroDollar
263,PLNcoin
268,WhiteCoin
275,PopularCoin
276,Bitstar
278,Quebecoin
290,BlueCoin
291,MaidSafeCoin
293,Bitcoin Plus
298,NewYorkCoin
313,Pinkcoin
316,Dreamcoin
322,Energycoin
323,VeriCoin
328,Monero
331,Litecoin Plus
333,Curecoin
341,SuperCoin
360,Motocoin
362,CloakCoin
366,BitSend
367,Coin2.1
372,Bytecoin
377,Navcoin
389,Startcoin
405,DigitalNote
406,Boolberry
416,HempCoin
448,Stealth
460,Clams
463,BitShares
470,Viacoin
495,I/O Coin
501,Cryptonite
502,Carboncoin
506,CannabisCoin
512,Stellar
541,Syscoin
551,Donu
558,Emercoin
572,RabbitCoin
573,Burst
576,GameCredits
584,NativeCoin
588,Ubiq
597,Opal
601,Acoin
624,bitCNY
626,NuBits
633,ExclusiveCoin
638,Trollcoin
644,GlobalBoost-Y
656,Prime-XI
659,Bitswift
693,Verge
699,NuShares
702,SpreadCoin
703,Rimbit
706,MonetaryUnit
707,Blocknet
719,Limitless VIP
720,Crown
730,GCN Coin
733,Quotient
760,OKCash
764,PayCoin
788,Circuits of Value
789,Nexus
799,SmileyCoin
815,Kobocoin
819,Bean Cash
823,GeoCoin
825,Tether
831,Wild Beast Block
833,Gridcoin
837,X-Coin
857,SongCoin
859,Woodcoin
873,NEM
894,Neutron
895,Xaurum
898,Californium
911,Advanced Internet Blocks
914,Sphere
916,MedicCoin
918,Bubble
921,Universal Currency
934,ParkByte
938,ARbit
945,Bata
948,AudioCoin
951,Synergy
960,FujiCoin
977,GravityCoin
978,Ratecoin
986,CrevaCoin
990,Bitzeny
993,BowsCoin
1004,Hellenic Coin
1019,Manna
1020,Axiom
1022,BITTUP
1026,Aeon
1027,Ethereum
1032,TransferCoin
1033,GuccioneCoin
1035,AmsterdamCoin
1037,Agoras Tokens
1038,Eurocoin
1042,Siacoin
1044,Global Currency Reserve
1050,Shift
1052,VectorAI
1053,Bolivarcoin
1066,Pakcoin
1070,Expanse
1082,SIBCoin
1085,Swing
1087,Factom
1089,ParallelCoin
1090,Save and Gain
1104,Augur
1106,StrongHands
1107,PAC Protocol
1120,DraftCoin
1135,ClubCoin
1136,Adzcoin
1146,AvatarCoin
1154,Validity
1155,Litecred
1156,Yocoin
1159,SaluS
1164,Francs
1165,Evil Coin
1168,Decred
1169,PIVX
1172,Safex Token
1175,Rubies
1185,TrumpCoin
1191,Memetic / PepeCoin
1194,Independent Money System
1200,NevaCoin
1209,PosEx
1210,Cabbage
1212,MojoCoin
1214,Lisk
1216,EDRCoin
1218,PostCoin
1223,BERNcash
1229,DigixDAO
1230,Steem
1241,FuzzBalls
1244,HiCoin
1247,AquariusCoin
1248,Bitcoin 21
1250,Zurcoin
1252,2GIVE
1254,PlatinumBAR
1257,LanaCoin
1259,PonziCoin
1266,MarteXcoin
1273,Citadel
1274,Waves
1279,PWR Coin
1281,ION
1282,High Voltage
1285,GoldBlocks
1291,Comet
1294,Rise
1297,ChessCoin
1298,LBRY Credits
1299,PutinCoin
1306,Cryptojacks
1308,HEAT
1312,Steem Dollars
1320,Ardor
1321,Ethereum Classic
1340,Karbo
1343,Stratis
1351,Aces
1353,TajCoin
1368,Veltor
1376,Neo
1381,Bitcloud
1382,NoLimitCoin
1389,Zayedcoin
1392,Pluton
1395,Dollarcoin
1396,MustangCoin
1398,PROUD Money
1403,FirstBlood
1409,SingularDTV
1414,Firo
1434,Advanced Technology Coin
1437,Zcash
1439,AllSafe
1447,ZClassic
1454,Lykke
1455,Golem
1464,Internet of People
1465,Veros
1466,Hush
1468,Kurrent
1473,Pascal
1474,Eternity
1475,Incent
1478,DECENT
1483,vSlice
1492,Obyte
1495,PoSW Coin
1496,Luna Coin
1500,Wings
1503,Jupiter
1504,InflationCoin
1505,Alias
1510,CryptoCarbon
1511,PureVidz
1514,ICOBID
1515,iBank
1518,Maker
1521,Komodo
1522,FirstCoin
1527,Waves Community Token
1528,Iconic
1531,Global Cryptocurrency
1546,Centurion
1552,Enzyme
1556,Chrono.tech
1558,Argus
1562,Swarm City
1567,Nano
1576,MiloCoin
1578,Zero
1582,Netko
1586,Ark
1587,Dynamic
1588,Tokes
1590,Mercury
1596,Edgeless
1599,Mavro
1605,Universe
1606,Solaris
1609,Asch
1611,DubaiCoin
1619,Skycoin
1623,BlazerCoin
1624,Atmos
1629,Zennies
1630,Coinonat
1632,Concoin
1636,XTRABYTES
1637,iExec RLC
1638,WeTrust
1651,SpeedCash
1654,BitCore
1657,Bitvolt
1658,Lunyr
1659,Gnosis
1660,Monolith
1669,Humaniq
1673,Minereum
1674,Cannation
1676,CREA
1677,Etheroll
1678,InsaneCoin
1680,Aragon
1681,PRIZM
1684,Qtum
1687,Digital Money Bits
1691,Project-X
1693,Theresa May Coin
1694,Sumokoin
1697,Basic Attention Token
1698,Horizen
1700,Aeternity
1703,Metaverse ETP
1704,eBoost
1706,Aidos Kuneen
1708,Patientory
1710,Veritaseum
1711,Electra
1712,Quantum Resistant Ledger
1715,MobileGo
1719,Peerplays
1720,IOTA
1721,Mysterium
1722,More Coin
1723,SONM
1725,Adelphoi
1726,ZrCoin
1727,Bancor
1731,GlobalToken
1732,Numeraire
1736,Unify
1745,Dinastycoin
1747,Onix
1750,GXChain
1751,ATC Coin
1754,Bitradio
1755,Flash
1757,FUNToken
1758,TenX
1759,Status
1762,Ergo
1763,BriaCoin
1765,EOS
1768,AdEx Network
1769,Denarius
1771,DAOBet
1772,Storj
1774,SocialCoin
1775,adToken
1776,MCO
1777,CryptoPing
1779,Wagerr
1784,Polybius
1785,Gas
1786,SunContract
1787,Jetcoin
1788,Metal
1789,Populous
1799,Rupee
1803,PeepCoin
1807,Santiment Network Token
1808,OMG Network
1810,CVCoin
1814,Metrix Coin
1816,Civic
1817,Voyager Token
1824,BitCoal
1826,Particl
1828,SmartCash
1830,SkinCoin
1831,Bitcoin Cash
1834,Pillar
1838,OracleChain
1839,Binance Coin
1841,Primalbase Token
1845,IXT
1846,GeyserCoin
1850,Cream
1853,OAX
1856,district0x
1861,Stox
1864,Blox
1866,Bytom
1873,Blocktix
1876,Dentacoin
1878,Shadow Token
1881,DeepOnion
1883,Adshares
1886,Dent
1888,InvestFeed
1894,The ChampCoin
1896,0x
1899,YOYOW
1902,MyBit
1903,HyperCash
1905,TrueFlip
1908,Nebulas
1916,BiblePay
1918,Achain
1923,Tierion
1925,Waltonchain
1930,Primas
1931,Opus
1933,Suretly
1934,Loopring
1935,LiteCoin Ultra
1937,Po.et
1944,Moving Cloud Coin
1947,Monetha
1948,Aventus
1949,Agrello
1950,Hiveterminal Token
1954,Moeda Loyalty Points
1955,Neblio
1958,TRON
1961,imbrex
1962,BUZZCoin
1966,Decentraland
1967,Indorse Token
1968,XPA
1969,Sociall
1970,ATBCoin
1974,Propy
1975,Chainlink
1976,Blackmoon
1982,Kyber Network
1983,VIBE
1984,Substratum
1985,Chronologic
1991,Rivetz
1993,Kin
1996,SALT
1998,Ormeus Coin
2001,ColossusXT
2002,TrezarCoin
2006,Cobinhood
2008,MSD
2009,Bismuth
2010,Cardano
2011,Tezos
2013,Infinity Economics
2017,KickToken
2019,Viberate
2021,RChain
2022,Internxt
2030,REAL
2031,Hubii Network
2034,Everex
2036,PayPie
2041,BitcoinZ
2042,HelloGold
2043,Cindicator
2044,Enigma
2047,Zeusshield
2056,PiplCoin
2058,AirSwap
2061,Blockmason Credit Protocol
2062,Aion
2064,Maecenas
2066,Everus
2070,DomRaider
2071,Request
2074,Ethereum Gold
2076,Blue Protocol
2081,Ambrosus
2083,Bitcoin Gold
2087,KuCoin Token
2088,EXRNchain
2090,LATOKEN
2091,Exchange Union
2092,NULS
2095,BOScoin
2096,Ripio Credit Network
2099,ICON
2100,JavaScript Token
2103,Intelligent Trading Foundation
2104,iEthereum
2105,Pirl
2107,LUXCoin
2110,Dovu
2112,Phoenix Global
2120,Etherparty
2122,Ellaism
2126,FlypMe
2130,Enjin Coin
2131,iBTC
2132,Power Ledger
2134,Grid+
2135,Revain
2136,ATLANT
2137,Electroneum
2140,SONO
2143,Streamr
2144,SHIELD
2147,ELTCOIN
2148,Desire
2151,Autonio
2153,Aeron
2158,Phore
2160,Innova
2161,Raiden Network Token
2162,Delphy
2165,ERC20
2175,DecentBet
2178,Upfiring
2181,Genesis Vision
2184,Privatix
2185,Lethean
2191,Paypex
2199,EONS
2200,GoByte
2205,Phantomx
2208,EncrypGen
2209,Ink
2212,Quantstamp
2213,QASH
2215,Energo
2219,SpankChain
2221,VoteCoin
2222,Bitcoin Diamond
2223,BLOCKv
2230,Monkey Project
2231,Flixxo
2235,Time New Bank
2236,MyWish
2237,EventChain
2240,SoMee.Social
2241,Ccore
2242,Qbao
2243,Dragonchain
2244,Payfair
2245,Presearch
2246,CyberMiles
2247,BlockCDN
2248,Cappasity
2249,Eroscoin
2251,IoT Chain
2255,Social Send
2256,Bonpay
2257,Nekonium
2260,Datamine
2267,Wabi
2269,WandX
2273,Uquid Coin
2274,MediShares
2276,Ignis
2277,SmartMesh
2278,HollyWoodCoin
2279,Playkey
2280,Filecoin
2281,BitcoinX
2282,Super Bitcoin
2283,Datum
2286,MicroMoney
2287,LockTrip
2288,Worldcore
2289,Gifto
2290,YENTEN
2291,Genaro Network
2293,United Bitcoin
2295,Starbase
2296,OST
2297,StormX
2299,aelf
2300,WAX
2303,MediBloc
2305,NAGA
2306,Bread
2307,Bibox Token
2309,SophiaTX
2310,Bounty0x
2311,ACE (TokenStars)
2313,SIRIN LABS Token
2314,Cryptopay
2315,HTMLCOIN
2316,DeepBrain Chain
2318,Neumark
2319,Qcash
2320,Utrust
2321,QLC Chain
2323,HEROcoin
2324,BigONE Token
2325,Matryx
2329,Hyper Pay
2330,Pylon Network
2332,STRAKS
2335,Lightning Bitcoin
2336,Game.com
2337,Lamden
2341,SwftCoin
2342,Covesting
2343,CanYaCoin
2344,AppCoins
2345,High Performance Blockchain
2346,WaykiChain
2348,Measurable Data Token
2349,Mixin
2352,Coinlancer
2354,GET Protocol
2356,CFun
2357,AI Doctor
2359,Polis
2363,Zap
2364,TokenClub
2366,FairGame
2367,Aigang
2370,Bitcoin God
2371,United Traders Token
2374,BitDegree
2375,QunQun
2376,TopChain
2379,Kcash
2380,ATN
2382,Spectre.ai Utility Token
2386,KZ Cash
2387,Bitcoin Atom
2391,EchoLink
2392,Bottos
2394,Telcoin
2395,Ignition
2396,WETH
2398,Selfkey
2399,INT
2400,OneRoot Network
2402,Sense
2403,MOAC
2405,IOST
2406,InvestDigital
2407,AICHAIN
2410,SpaceChain
2411,Galactrum
2415,ArbitrageCT
2416,THETA
2418,Maverick Chain
2419,Profile Utility Token
2421,VouchForMe
2422,IDEX Membership
2424,SingularityNET
2427,ChatCoin
2428,Scry.info
2429,Mobius
2430,Hydro Protocol
2434,Maggie
2437,YEE
2438,Acute Angle Cloud
2441,Molecular Future
2443,Trinity Network Credit
2444,CRYPTO20
2446,DATA
2447,Crypterium
2448,SparksPay
2450,carVertical
2452,Tokenbox
2453,EDUCare
2454,UnlimitedIP
2455,PressOne
2457,TrueChain
2458,Odyssey
2459,indaHash
2460,Qbic
2462,AidCoin
2464,Devery
2465,BUX Token
2466,AXPR
2467,OriginTrail
2468,LinkEye
2469,Zilliqa
2470,CoinMeet
2471,Smartlands Network
2472,Fortuna
2473,All Sports
2474,Matrix AI Network
2475,Garlicoin
2476,Ruff
2477,Nework
2478,CoinFi
2479,Equal
2480,HalalChain
2481,Zeepin
2482,CPChain
2483,OceanChain
2488,ValueChain
2489,BitWhite
2490,CargoX
2492,Elastos
2493,STK
2496,Polymath
2497,Medicalchain
2499,SwissBorg
2500,Zilla
2501,adbank
2502,Huobi Token
2503,DMarket
2505,Bluzelle
2506,Swarm
2507,THEKEY
2510,Datawallet
2511,WePower
2513,GoldMint
2516,MktCoin
2524,Universa
2525,Alphacat
2527,SureRemit
2528,Dether
2529,Cashaa
2530,Fusion
2533,Restart Energy MWAT
2536,Neurotoken
2537,Gems 
2538,Nectar
2539,Ren
2540,Litecoin Cash
2541,Storiqa
2542,Tidex Token
2544,Nucleus Vision
2545,Arcblock
2546,Remme
2547,Experty
2548,POA
2549,Ink Protocol
2551,Bezop
2552,IHT Real Estate Protocol
2553,Refereum
2554,Lympo
2556,Credits
2558,Insights Network
2559,Cube
2561,BitTube
2562,Education Ecosystem
2563,TrueUSD
2564,HOQU
2565,StarterCoin
2566,Ontology
2567,DATx
2568,JET8
2569,CoinPoker
2570,TomoChain
2571,Graft
2572,BABB
2573,Electrify.Asia
2575,Bitcoin Private
2576,Tokenomy
2577,Ravencoin
2578,TE-FOOD
2579,ShipChain
2580,Leadcoin
2584,Debitum
2585,Centrality
2586,Synthetix
2588,Loom Network
2592,Banca
2593,Dragon Coins
2595,NANJCOIN
2597,UpToken
2599,Noah Coin
2600,LGO Token
2601,1World
2602,NaPoleonX
2603,Pundi X[old]
2604,BitGreen
2605,BnkToTheFuture
2606,Wanchain
2607,AMLT
2608,Mithril
2610,Peculium
2614,BlitzPredict
2615,Blocklancer
2616,Stipend
2618,StockChain
2620,Switcheo
2624,Sentinel Chain
2626,Friendz
2627,TokenPay
2628,Rentberry
2629,Scala
2630,PolySwarm
2631,ODEM
2633,Stakenet
2634,XinFin Network
2638,Cortex
2642,CyberVein
2643,Sentinel
2644,eosDAC
2645,U Network
2653,Auctus
2655,Monero Classic
2658,Smart MFG
2660,Aditus
2661,Tripio
2662,Haven Protocol
2665,Dero
2666,Effect.AI
2667,FintruX Network
2669,MARK.SPACE
2670,Pixie Coin
2673,WeOwn
2674,Masari
2675,Dock
2676,PHI Token
2677,Linker Coin
2678,TraDove B2BCoin
2679,Decentralized Machine Learning
2682,Holo
2685,Zebi Token
2686,Lendingblock
2688,Vipstar Coin
2689,Rublix
2690,Biotron
2691,Penta
2694,Nexo
2696,DAEX
2698,Hydro
2699,Sharder
2700,Celsius
2702,Bitcoin Interest
2704,Transcodium
2705,Amon
2707,FLIP
2708,Crowd Machine
2709,Morpheus Labs
2711,DOC.COM
2712,MyToken
2713,KEY
2714,Nexty
2717,BoutsPro
2719,Cybereits
2720,Parkgene
2721,APR Coin
2722,AC3
2723,FuzeX
2724,Zippie
2725,Skrumble Network
2726,DAOstack
2727,Bezant
2729,TEAM (TokenStars)
2731,Utrum
2733,Freyrchain
2734,EduCoin
2735,Content Neutrality Network
2737,Global Social Chain
2739,Digix Gold Token
2741,Intelligent Investment Chain
2742,Sakura Bloom
2745,Joint Ventures
2746,GreenPower
2747,BlockMesh
2748,Oxen
2752,Datarius Credit
2754,HeroNode
2755,Raise
2757,Callisto Network
2758,Unibright
2759,Patron
2760,Cred
2762,Open Platform
2763,Morpheus.Network
2765,XYO
2766,Cryptaur
2771,RED
2772,Digitex
2773,GINcoin
2775,Faceter
2776,Travala.com
2777,IoTeX
2780,NKN
2827,Phantasma
2828,SPINDLE
2829,REPO
2830,Seele-N
2835,Endor Protocol
2836,Bigbom
2837,0xBitcoin
2838,Plian
2840,QuarkChain
2842,Bankera
2843,Ether Zero
2846,FuturoCoin
2847,Abyss
2850,TRAXIA
2852,Engine
2855,Casino Betting Coin
2856,CEEK VR
2859,XMax
2861,GoChain
2862,Smartshare
2865,Trittium
2866,Sentinel Protocol
2867,Bittwatt
2868,Constellation
2869,Merculet
2870,FantasyGold
2871,Ubique Chain Of Things
2873,Metronome
2874,Aurora
2876,Ternio
2878,DigiFinexToken
2879,Origin Sport
2880,Rate3
2882,0Chain
2883,ZINC
2884,FSBT API Token
2885,Egretia
2889,Bob's Repair
2890,KanadeCoin
2891,Cardstack
2893,On.Live
2894,OTCBTC Token
2895,Coni
2896,Hifi Finance
2898,GoNetwork
2899,Thrive Token
2900,Project Pai
2901,FansTime
2902,POPCHAIN
2906,Essentia
2907,Karatgold Coin
2908,HashCoin
2909,LikeCoin
2911,ORS Group
2912,TENT
2913,Databroker
2914,BeeKan
2915,Moss Coin
2916,Nimiq
2918,BitZ Token
2919,DWS
2920,0xcert
2921,OneLedger
2923,XMCT
2927,sUSD
2929,Truegame
2930,Everipedia
2933,BitMart Token
2934,BitKan
2937,VITE
2938,Hashgard
2941,CoinEx Token
2943,Rocket Pool
2944,Elysian
2945,ContentBox
2947,SoPay
2949,Kryll
2950,LemoChain
2953,Blue Whale EXchange
2955,Cosmo Coin
2956,Narrative
2958,TurtleCoin
2960,Tourist Token
2965,VikkyToken
2966,Fox Trading
2968,Bridge Protocol
2969,Globalvillage Ecosystem
2970,LocalCoinSwap
2972,ZPER
2976,Ryo Currency
2977,BitRewards
2978,AceD
2980,WABnetwork
2981,Consentium
2982,MVL
2984,Newton Coin Project
2986,DACC
2987,ThingsOperatingSystem
2988,Pigeoncoin
2989,STASIS EURO
2990,EXMR FDN
2991,NIX
2992,Apollo Currency
2993,HorusPay
2994,Bitcoin File
2998,Vexanium
2999,Hdac
3001,KWHCoin
3002,Master Contract Token
3004,Volt
3006,Niobio
3008,Vivid Coin
3010,Coinsuper Ecosystem Network
3011,BitScreener Token
3012,VeThor Token
3013,PRiVCY
3016,NeuroChain
3018,Kalkulus
3020,BHPCoin
3023,Semux
3024,Arionum
3026,IOV BlockChain
3027,Webcoin
3029,Flux
3051,Bitblocks
3052,GoCrypto Token
3053,YOU COIN
3054,DACSEE
3055,EBCoin
3056,Thore Cash
3060,Yuan Chain Coin
3061,Promotion Coin
3063,Vitae
3065,ICE ROCK MINING
3066,BitCapitalVendor
3068,BitcoiNote
3070,Litex
3071,EUNO
3074,Experience Token
3076,Endorsit
3077,VeChain
3078,Kind Ads Token
3079,X8X Token
3080,Commercium
3081,Omnitude
3082,VINchain
3083,LINA
3085,INO COIN
3086,Kora Network Token
3087,CROAT
3090,Wiki Token
3091,Sapien
3092,Nuggets
3093,BBSCoin
3094,Scorum Coins
3095,Niobium Coin
3096,Pundi X NEM
3097,XOVBank
3101,OptiToken
3104,Giant
3106,PKG Token
3110,NewsToken
3112,Bitnation
3116,Insight Chain
3118,Graviocoin
3119,Alchemint Standards
3120,OWNDATA
3121,IGToken
3123,GSENetwork
3125,XDNA
3126,ProximaX
3127,Themis
3128,SiaCashCoin
3129,Nyerium
3131,Thingschain
3132,EtherGem
3133,Arepacoin
3136,MEET.ONE
3137,KARMA
3138,Noku
3139,DxChain Token
3140,Ubex
3141,Blockpass
3142,BaaSid
3144,ThoreCoin
3146,CyberFM
3147,HYCON
3148,MetaMorph
3149,Netkoin
3151,Akroma
3152,Obitan Chain
3154,Davinci Coin
3155,Quant
3156,Airbloc
3158,ZCore
3159,Apollon
3162,YoloCash
3164,PumaPay
3165,Arion
3166,Bitcoin Incognito
3171,HeartBout
3175,Maro
3179,Arbidex
3180,Compound Coin
3181,ShowHand
3182,HitChain
3184,Gold Poker
3186,Zen Protocol
3189,Mainstream For The Underground
3194,DPRating
3198,KingXChain
3199,Cashbery Coin
3200,Nasdacoin
3203,Lobstex
3205,VeriDocGlobal
3208,YUKI
3209,4NEW
3210,MIB Coin
3215,Gentarium
3217,Ontology Gas
3218,Energi
3219,FUTURAX
3220,DAV Coin
3222,Bionic
3223,DOWCOIN
3227,Traceability Chain
3229,Centaure
3230,VULCANO
3231,Blockchain Quotations Index Token
3232,Staker
3233,Ulord
3234,Xriba
3238,ABCC Token
3241,FortKnoxster
3242,Beetle Coin
3243,Moneytoken
3247,Fire Lotto
3248,AiLink Token
3249,Usechain Token
3251,ParkinGo
3252,ShineChain
3253,eosBLACK
3254,Mirai
3255,CyberMusic
3256,Bitether
3257,GazeCoin
3258,BitUP Token
3259,YouLive Coin
3260,AMO Coin
3261,EvenCoin
3263,Dinero
3264,Digital Insurance Token
3265,Havy
3266,Carebit
3271,Ether Kingdoms Token
3273,IQ.cash
3276,SaveNode
3278,PENG
3279,Rotharium
3280,RealTract
3282,Ti-Value
3285,Birake
3286,MEX
3287,Abulaba
3289,BitCoen
3294,Bitcoin Adult
3295,BUMO
3296,MINDOL
3297,Gene Source Code Chain
3301,Invictus Hyperion Fund
3302,UChain
3304,MobilinkToken
3305,Eden
3306,Gemini Dollar
3307,Spendcoin
3311,Castle
3313,CryptoFlow
3315,Playgroundz
3316,smARTOFGIVING
3317,Cryptrust
3323,PAYCENT
3324,PluraCoin
3325,Robotina
3327,SIX
3328,CMITCOIN
3329,Fantasy Sports
3330,Paxos Standard
3331,CrowdWiz
3332,Gossip Coin
3334,X-CASH
3336,IQeon
3337,QChi
3338,PAXEX
3343,ANON
3344,Ecoreal Estate
3345,DAPS Coin
3347,CARAT
3348,MNPCoin
3349,GoldenPyrex
3351,ZB Token
3352,MidasProtocol
3354,TRONCLASSIC
3356,The Midas Touch Gold
3357,Digital Asset Guarantee Token
3361,MintMe.com Coin
3362,Auxilium
3363,WXCOINS
3364,PLATINCOIN
3366,SafeInsure
3367,CryptalDash
3369,Kuende
3371,MIR COIN
3374,Ragnarok
3377,GenesisX
3381,Civitas
3383,Knekted
3384,Benz
3386,Actinium
3387,BLAST
3388,FREE Coin
3389,Tolar
3390,Quantis Network
3395,SteepCoin
3397,Neural Protocol
3398,SCRIV NETWORK
3403,EagleX
3404,Wixlar
3407,Ondori
3408,USD Coin
3414,ZeusNetwork
3416,Digiwage
3417,Future1coin
3418,Metadium
3419,Quasarcoin
3421,Kabberry Coin
3422,SHPING
3423,Sharpay
3427,Agrolot
3429,Cyber Movie Chain
3431,Iconic Token
3432,Rapids
3433,EUNOMIA
3435,Snetwork
3437,ABBC Coin
3439,iDealCash
3440,AirWire
3441,Divi
3442,INDINODE
3444,KUN
3446,Zenswap Network Token
3447,Atheios
3449,MMOCoin
3451,BLOC.MONEY
3452,Ether-1
3454,Decentralized Asset Trading Platform
3455,DEEX
3456,PlusOneCoin
3457,Iridium
3458,ZBG Token
3459,GoHelpFund
3460,Bitcoinus
3464,Cheesecoin
3465,Alt.Estate token
3466,Insureum
3467,Squorum
3468,Fivebalance
3469,TrueDeck
3470,Dragon Token
3474,YGGDRASH
3475,BOX Token
3476,Italian Lira
3477,Asura Coin
3478,BitMoney
3479,MODEL-X-coin
3480,StrongHands Masternode
3481,Peony
3482,Teloscoin
3484,Waletoken
3488,Gravity
3489,Escroco Emerald
3490,Valuto
3492,Vetri
3497,Bitcoin Zero
3499,Liquidity Network
3501,CryptoSoul
3503,CommunityGeneration
3504,HondaisCoin
3505,Typerium
3506,IONChain
3507,MicroBitcoin
3509,Provoco Token
3512,Alpha Coin
3513,Fantom
3514,SINOVATE
3515,DEX
3516,Dark
3519,Breezecoin
3523,SnodeCoin
3580,Crystal Token
3581,Kleros
3582,MediBit
3583,Posscoin
3585,WeShow Token
3587,Bgogo Token
3589,Ethereum Meta
3595,PalletOne
3596,Nerva
3597,InterValue
3598,OSA Token
3599,EtherInc
3600,Humanscape
3602,Bitcoin SV
3604,SkyHub Coin
3607,VestChain
3608,Hyprr (Howdoo)
3609,CWV Chain
3610,Micromines
3611,Noir
3612,Business Credit Alliance Chain
3613,Dash Green
3615,HyperQuant
3616,Blockchain Certified Data Token
3617,ILCOIN
3620,Atlas Protocol
3624,Zealium
3625,QuadrantProtocol
3626,RSK Smart Bitcoin
3627,Block-Logic
3628,MXC
3631,FOAM
3632,Opacity
3633,BitGuild PLAT
3634,Kambria
3635,Crypto.com Coin
3636,Lisk Machine Learning
3637,Aergo
3639,PlayGame
3640,Livepeer
3643,TENA
3644,TravelNote
3645,Shivers
3646,Herbalist Token
3648,CoinUs
3649,Plus-Coin
3650,COVA
3651,NEXT
3652,ZumCoin
3653,Baer Chain
3655,Fiii
3656,Beacon
3657,Lambda
3658,Fountain
3659,QUINADS
3661,Stronghold Token
3662,HedgeTrade
3663,Footballcoin
3664,AgaveCoin
3665,Impleum
3666,Ultiledger
3667,Atomic Wallet Coin
3668,ProxyNode
3669,Winco
3670,ROMToken
3672,DogeCash
3673,BTMX
3677,ROIyal Coin
3679,Earneo
3681,CENTERCOIN
3682,Italo
3683,AEN Smart Token
3684,Bitcoiin
3685,BTC Lite
3687,BitBall
3688,MoX
3690,Bulleon
3691,Kuai Token
3692,TOKOK
3695,Hyperion
3696,SpectrumCash
3698,Observer
3701,RSK Infrastructure Framework
3702,Beam
3703,ADAMANT Messenger
3704,v.systems
3707,T.OS
3708,Exosis
3709,Grin
3711,Plair
3712,Cloudbric
3714,LTO Network
3715,Cajutel
3716,Amoveo
3717,Wrapped Bitcoin
3718,BitTorrent
3719,Stably USD
3721,Huobi Pool Token
3722,TEMCO
3724,SOLVE
3727,Flowchain
3730,The Currency Analytics
3731,PlayChip
3732,Conceal
3733,S4FE
3734,Elamachain
3735,VegaWallet Token
3737,BTU Protocol
3738,Decentralized Crypto Token
3741,EurocoinToken
3742,Chimpion
3743,QUSD
3744,WEBN token
3746,Electrum Dark
3747,Aunite
3748,Hxro
3750,eXPerience Chain
3751,Stakinglab
3752,uPlexa
3753,PlatonCoin
3754,EveryCoin 
3755,Moneynet
3756,#MetaHash
3757,GMB
3758,Max Property Group
3759,Jinbi Token
3760,Scanetchain
3763,ODUWA
3764,Save Environment Token
3766,Fatcoin
3767,1X2 COIN
3768,PIBBLE
3769,HashBX
3770,CustomContractNetwork
3771,EthereumX
3772,STEM CELL COIN
3773,Fetch.ai
3774,Maincoin
3776,GoldFund
3777,Spectrum
3779,CoTrader
3780,Sparkle Loyalty
3782,ONOToken
3783,Ankr
3785,AIDUS TOKEN
3786,Lunes
3787,Innovative Bioresearch Classic
3788,NEXT
3789,Boltt Coin 
3790,RoboCalls
3791,Jewel
3792,ARAW
3793,Galilel
3794,Cosmos
3795,ZEON
3798,Xuez
3799,SafeCoin
3800,FidexToken
3801,BORA
3805,BoatPilot Token
3806,TigerCash
3807,LitecoinToken
3809,DOS Network
3810,Ethereum Gold Project
3811,IntelliShare
3813,PTON
3814,Celer Network
3816,Verasity
3819,GAMB
3820,BuckHathCoin
3822,Theta Fuel
3823,OLXA
3826,TOP
3828,Japan Content Token
3829,Nash
3830,Veil
3831,Safe Haven
3832,Big Bang Game Coin
3835,Orbs
3837,MFCoin
3838,Esportbits
3839,xRhodium
3840,1irstcoin
3842,Caspian
3843,BOLT
3844,Xtock
3845,VIDT Datalink
3846,VeriBlock
3848,OOOBTC TOKEN
3849,WHEN Token
3850,OTOCASH
3853,MultiVAC
3854,Unification
3856,SF Capital
3858,FNB Protocol
3859,Paytomat
3860,Blockcloud
3861,Infinitus Token
3863,UGAS
3866,CONUN
3867,NeoWorld Cash
3868,Signature Chain
3869,Alpha Token
3870,Lition
3871,Newton
3872,Bilaxy Token
3873,botXcoin
3874,IRISnet
3875,Valor Token
3876,EnterCoin
3877,WebDollar
3878,Swap
3879,ESBC
3880,OceanEx Token
3882,Arqma
3883,QuickX Protocol
3884,Function X
3885,WPP TOKEN
3888,bitCEO
3889,Natmin Pure Escrow
3890,Polygon
3891,V-Dimension
3893,NOW Token
3894,Crypto Sports
3895,Matrexcoin
3897,OKB
3898,Axe
3899,Zloadr
3901,KuboCoin
3902,MoneroV 
3904,Renewable Electronic Energy Coin
3905,DUO Network Token
3907,BitCash
3910,pEOS
3911,Ocean Protocol
3912,W Green Pay
3913,Titan Coin
3915,Merebel
3916,ThoreNext
3917,Sentivate
3918,Safe
3919,Doge Token
3920,Diamond Platform Token
3923,VENJOCOIN
3925,Tratok
3926,Stellar Gold
3927,Atlas Token
3928,IDEX
3929,BQT
3930,Thunder Token
3931,Elementeum
3932,Connect Coin
3933,SwiftCash
3934,CNNS
3935,SparkPoint
3936,GNY
3937,NNB Token
3939,Tronipay
3942,Qwertycoin
3944,Artfinity
3945,Harmony
3946,Carry
3947,HashNet BitEco
3948,TERA
3950,Netrum
3951,Pirate Chain
3953,Evedo
3954,One DEX
3956,BOMB
3957,UNUS SED LEO
3960,Coineal Token
3961,BZEdge
3962,Vodi X
3964,Reserve Rights
3965,TouchCon
3966,BitcoinHD
3968,Elitium
3970,Trias (old)
3973,Aryacoin
3974,Bitcoin 2
3976,Bitcoin Confidential
3977,Sport and Leisure
3978,Chromia
3980,TCASH
3985,Origo
3986,StakeCubeCoin
3987,Beldex
3988,VNT Chain
3990,Webflix Token
3992,COTI
3993,Emanate
3997,BlockStamp
3998,Krios
4001,MenaPay
4003,Zenon
4006,Standard Tokenization Protocol
4008,Bitcoin CZ
4010,Sparkster
4011,Bitsdaq
4013,SpectreSecurityCoin
4014,Mobile Crypto Pay Coin
4017,EOSDT
4018,Klimatas
4020,USDQ
4023,Bitcoin BEP2
4024,Raven Protocol
4026,LiquidApps
4027,DeVault
4028,MotaCoin
4030,Algorand
4033,Native Utility Token
4034,Jarvis+
4035,Honest
4036,Contentos
4038,MovieBloc
4039,ARPA Chain
4041,MX Token
4043,PayRue (Propel)
4045,Catex Token
4047,Naka Bodhi Token
4048,MGC Token
4049,Bitbook Gambling
4051,Parachute
4053,Q DAO Governance token v1.0
4054,IG Gold
4056,Ampleforth
4058,FIBOS
4060,TrustVerse
4063,7Eleven
4064,USDK
4066,Chiliz
4067,Cryptoindex.com 100
4069,Blockburn
4071,Ubricoin
4074,ScPrime
4075,CryptoFranc
4076,ETHplode
4077,Maya Preferred
4078,Super Zero Protocol
4079,Silverway
4088,PDATA
4089,Blockmason Link
4090,Wirex Token
4091,PIXEL
4092,Dusk Network
4093,Uranus
4094,Spiking
4096,Switch
4097,x42 Protocol
4100,qiibee
4102,TranslateMe Network Token
4103,FLETA
4104,FUZE Token
4105,CoinMetro Token
4108,En-Tan-Mo
4110,NPCoin
4112,Eco Value Coin
4114,Golden Token
4115,Pivot Token
4116,TOKPIE
4118,ForTube
4119,VinDax Coin
4120,Prometeus
4121,Sapphire
4122,Counos Coin
4124,EOS TRUST
4125,NOIZ
4126,EXOR
4128,BOOM
4132,Bitsten Token
4133,YottaChain
4134,Akropolis
4136,Veles
4138,WinStars.live
4139,Brazilian Digital Token
4142,Cubiex
4144,TrueFeedBack
4150,GLOBEX
4152,CryptoVerificationCoin
4156,ImageCoin
4157,THORChain
4159,Bitcoin Token
4160,Ycash
4162,Storeum
4165,TerraCredit
4166,Realio Network
4167,Bitrue Coin
4172,Terra
4173,Levolution
4174,BitcoinRegular
4175,SkyMap
4176,Dapp Token
4178,CPUchain
4180,DDKoin
4182,GoWithMi
4183,Safex Cash
4184,Zer-Dex
4189,Ultra
4190,Multicoin
4191,Syntropy
4193,Dynamite
4195,FTX Token
4196,Pledge Coin
4197,ShareToken
4199,Swace
4200,ChainX
4202,Opennity
4205,Xenoverse
4206,WINk
4207,Birdchain
4211,Equilibria
4212,LinkToken
4213,Uptrennd
4215,Eminer
4217,BOSAGORA
4222,1Million Token
4224,Mcashchain
4225,Crex Token
4228,Ferrum Network
4229,Yobit Token
4230,LHT
4231,Helpico
4233,Membrana
4238,EveriToken
4240,Custody Token
4242,PLANET
4243,CITEX Token
4244,CCUniverse
4245,Enecuum
4246,Blacknet
4250,ZeuxCoin
4251,DeepCloud AI
4253,CryptoBonusMiles
4254,Hintchain
4255,CryptoAds Marketplace
4256,Klaytn
4257,Bitball Treasure
4259,Spice
4260,Aitheon
4262,UltrAlpha
4263,BitCanna
4264,Ritocoin
4268,NewYork Exchange
4269,GateToken
4272,Taklimakan Network
4273,Sessia
4275,Cocos-BCX
4276,Defi
4277,DECOIN
4279,Swipe
4280,12Ships
4283,BitForex Token
4284,DABANKING
4285,Lukki Operating Token
4286,ZENZO
4287,Jobchain
4289,IOEX
4290,EMOGI Network
4291,Krypton Galaxy Coin
4292,Nibble
4293,Perlin
4296,Ladder Network Token
4297,Netbox Coin
4298,Rapidz
4299,Tokoin
4300,VideoCoin
4301,Tutor's Diary
4306,BitcoinSoV
4307,UNICORN Token
4309,Cryptocean
4315,Vidulum
4324,Junsonmingchncoin
4325,Bitscoin
4344,ImageCash
4359,Aeryus
4361,Bitpanda Ecosystem Token
4365,Streamit Coin
4366,MixMarvel
4381,MYCE
4384,CaluraCoin
4385,Daikicoin
4397,PEPS Coin
4404,Korbot
4411,TenUp
4424,XDAG
4427,BDCC Bitica COIN
4428,xscoin
4430,VNX Exchange
4431,VIDY
4441,Vectorspace AI
4448,Electronero
4452,BidiPass
4460,PirateCash
4466,Ormeus Ecosystem
4467,Nestree
4481,Xeonbit
4487,Secure Cash
4490,Emirex Token
4491,Flits
4495,VENA
4502,Altbet
4504,DapperCoin
4505,Midas
4508,Voltz
4510,Mchain
4512,LINK
4518,Abitshadow Token
4520,Decentralized Vulnerability Platform
4523,Davies
4530,Blur
4534,BITTO
4538,Sombe
4542,Scrypta
4545,City Coin
4546,01coin
4552,Aircoins
4555,Fedora Gold
4557,USDX [Lighthouse]
4558,Flow
4560,Tchain
4566,DigitalBits
4568,JFIN
4577,LunchMoney
4586,ProBit Token
4588,SWYFT
4589,Cipher
4594,SovranoCoin
4595,STK Coin
4618,Akoin
4621,dForce USDx
4623,Gomics
4629,BOSCore
4630,Sierracoin
4633,CryptoBossCoin
4642,Hedera Hashgraph
4644,Poseidon Network
4646,Beaxy
4647,PUBLISH
4660,Telos
4668,wave edu coin
4674,Whole Network
4676,MEXC Token
4677,Tepleton
4678,Global Digital Content
4679,Band Protocol
4680,FYDcoin
4681,Color Platform
4682,Hyper Speed Network
4687,Binance USD
4691,Zano
4693,Global X Change Token
4694,GAPS
4695,Echoin
4696,Asian-African Capital Chain
4697,Rivex
4701,CoinHe Token
4702,Rupiah Token
4703,BonusCloud
4704,Banano
4705,PAX Gold
4708,Colletrix
4709,XcelToken Plus
4712,AmonD
4715,Tokenize Xchange
4737,ITO Utility Token
4746,Quiztok
4747,Velas
4749,Bit Trust System
4750,Versess Coin
4752,CUTcoin
4754,INLOCK
4757,Robonomics.network
4758,dForce
4760,PANTHEON X
4761,NuCypher
4769,EOS Force
4772,QPay
4773,PocketNode
4774,1irstGold
4775,Bancacy
4777,Azbit
4778,ebakus
4779,HUSD
4782,TurtleNetwork
4786,MDtoken
4787,BitcoinV
4792,Agora
4793,D Community
4794,FinexboxToken
4797,Swapcoinz
4800,Mogu
4801,Codex
4802,Xeonbit Token
4804,ROOBEE
4805,VNDC
4806,Tesra
4807,CertiK
4808,Bincentive
4809,Project WITH
4817,Filenet
4818,Xensor
4819,DMme
4820,ALP Coin
4824,SymVerse
4826,ZUM TOKEN
4830,VERA
4834,Golos Blockchain
4835,NOVA
4836,Dash Cash
4841,suterusu
4842,Folgory Coin
4844,MeconCash
4846,Kava.io
4847,Stacks
4850,LINKA
4858,BITFXT COIN
4860,Era Swap
4862,DAD
4864,Schilling-Coin
4866,Grimm
4867,BeatzCoin
4870,MesChain
4872,BenePit Protocol
4881,Guider
4885,Diligence
4887,Receive Access Ecosystem
4890,Newscrypto
4892,Marshal Lion Group Coin
4894,RING X PLATFORM
4895,HyperExchange
4899,Yap Stone
4901,Anchor
4903,Infinity Esaham
4910,CoinDeal Token
4913,SOLBIT
4914,Bitcoin & Company Network
4916,Modex
4917,DEXA COIN
4918,Bankroll Network
4920,Aerotoken
4927,RigoBlock
4928,Medium
4929,JD Coin
4935,Bitgrin
4936,LOLTOKEN
4940,Kuverit
4941,Bispex
4942,Digital Gold
4943,Dai
4944,Tellor
4946,Vinci
4948,Nervos Network
4950,LCX
4951,Zynecoin
4953,FirmaChain
4955,CAPITAL X CELL
4956,MAP Protocol
4957,Minter Network
4958,Precium
4966,Eureka Coin
4970,Ouroboros
4974,EXMO Coin
4975,Newsolution
4978,Wownero
4979,PegNet
4980,Sesameseed
4983,Demeter Chain
4984,MACH Project
4985,ArdCoin
4989,HGH Token
4991,Lightstreams
4992,Tradeplus
4994,Harcomia
4996,Ultragate
4997,Blockzero Labs
4999,Davion
5001,Gric Coin
5002,SafeCapital
5003,VAULT
5005,ARCS
5007,TROY
5009,LuckySevenToken
5010,Sogur
5011,ALLY
5012,Hashshare
5015,HEX
5016,Innovative Bioresearch Coin
5019,Global Crypto Alliance
5024,ALL BEST ICO
5025,Jade Currency
5026,Orchid
5028,ROAD
5031,MimbleWimbleCoin
5034,Kusama
5038,Litecash
5039,SBank
5046,Streamity
5049,VerusCoin
5050,Baz Token
5051,Bitcoin Free Cash
5052,Apple Network
5054,Coupon Chain
5056,BuySell
5057,Helex
5058,USDA
5060,XeniosCoin
5062,BEPRO Network
5065,Axial Entertainment Digital Asset
5067,MAX Exchange Token
5068,Neutrino USD
5069,Flit Token
5070,Tap
5072,Rakon
5074,UBU
5076,Global Reserve System
5078,THENODE
5079,apM Coin
5083,Curio
5084,PlayFuel
5085,Building Cities Beyond Blockchain
5086,Pawtocol
5087,CRYPTOBUCKS
5088,Guapcoin
5090,Global Game Coin
5093,VOMER
5094,Level01
5097,onLEXpa
5099,Hanacoin
5102,Enzo
5103,Tachyon Protocol
5105,1AI Token
5107,BitKAM
5108,808TA
5109,FRED Energy
5110,RIFT Token
5113,inSure DeFi
5114,Coinsbit Token
5115,TerraKRW
5117,Origin Protocol
5125,Mochimo
5126,Soda Coin
5127,Orient Walt
5130,K-Tune
5131,The Universal Settlement Coin
5135,AfroDex
5137,Resistance
5143,Documentchain
5144,Qitmeer
5154,BKEX Token
5155,Nyzo
5156,HeartBout Pay
5157,3X Long Bitcoin Token
5158,3X Short Bitcoin Token
5159,Waves Enterprise
5160,Dune Network
5161,WazirX
5165,Freight Trust & Clearing Network
5168,Bitcoin Classic
5169,PYRO Network
5170,IFX24
5171,Kryptofranc
5174,Buxcoin
5175,Bitcoin Vault
5176,Tether Gold
5177,Internet Computer (IOU)
5178,Wisdom Chain
5179,Celeum
5180,Bitcoffeen
5181,BiLira
5185,KOK
5186,ExtStock Token
5187,Jarvis Network
5189,AK12
5190,FLEX
5192,KONJUNGATE
5198,Creditcoin
5200,Gleec
5203,Perth Mint Gold Token
5204,CitiOs
5208,Wallet Plus X
5210,MalwareChain
5214,Phoneum
5216,3X Short Ethereum Token
5217,3X Long Ethereum Token
5219,USD Bancor
5220,QURAS
5221,Handshake
5224,Juventus Fan Token
5225,FC Barcelona Fan Token
5226,Paris Saint-Germain Fan Token
5227,Atletico De Madrid Fan Token
5228,Galatasaray Fan Token
5229,AS Roma Fan Token
5233,WinCash
5234,Metaverse Dualchain Network Architecture
5236,Kemacoin
5238,Kratscoin
5246,ViteX Coin
5247,Zuflo Coin
5250,HebeBlock
5251,LinkArt
5253,The Hustle App
5255,LegalBlock
5258,APIX
5259,Emrals
5263,Compound Dai
5264,Compound SAI
5265,Compound USD Coin
5266,MiL.k
5267,QUEENBEE
5268,Energy Web Token
5270,Freecash
5272,Okschain
5274,Edgeware
5275,PayProtocol
5276,Asac Coin
5277,SynchroBitcoin
5278,Joys Digital
5279,Sologenic
5280,Bloomzed Loyalty Club Ticket
5282,Kepler Network
5285,Tweebaa
5286,KingMoney
5288,Bidesk
5291,LUCY
5292,The Tokenized Bitcoin
5294,3X Short BNB Token
5295,3X Long BNB Token
5298,SuperSkynet
5299,HyperDAO
5300,Inex Project
5304,MorCrypto Coin
5305,BTSE
5309,OG Fan Token
5312,Spockchain Network
5313,CONTRACOIN
5316,0cash
5319,SimpleChain
5320,Bonorum
5322,GermanCoin
5323,Ethereum eRush
5325,BIKI
5326,Orbit Chain
5328,WOM Protocol
5329,Largo Coin
5330,Shardus
5332,Cofinex Coin
5334,RAKUN
5336,Homeros
5337,iOWN Token
5343,Five Star Coin
5350,Proton
5354,PEAKDEFI
5355,Chainpay
5358,IBStoken
5362,StellarPayGlobal
5363,Cryptobuyer
5364,Dexchain
5365,Historia
5366,GoalTime N
5367,ODE
5370,Hive
5375,Hive Dollar
5376,CryptoEnergy
5378,3X Long TRX Token
5379,3X Short TRX Token
5380,HUNT
5381,PengolinCoin
5382,ELYSIA
5383,B ONE PAYMENT
5388,CelCoin
5389,Insula
5390,Wallabee
5393,Touch Social
5397,Castweet
5398,SappChain
5399,TILWIKI
5400,Charg Coin
5401,CoinLoan
5402,MyTVchain
5403,Unknown Fair Object
5404,Bitcurate
5406,Cicoin
5407,Kingdom Game 4.0
5409,4THPILLAR TECHNOLOGIES
5410,PARSIQ
5412,3x Long XRP Token
5413,3x Short XRP Token
5414,3x Long EOS Token
5415,3x Short EOS Token
5416,INRToken
5418,Latamcash
5419,weBloc
5420,SonoCoin
5423,DSLA Protocol
5424,Swapzilla
5425,MESEFA
5426,Solana
5427,Cashhand
5428,Vid
5429,DEAPcoin
5430,SatoExchange Token
5432,BigBang Core
5433,Mega Lottery Services Global
5434,pTokens BTC
5435,Epic Cash
5437,BIZZCOIN
5441,Entherfound
5444,Cartesi
5445,LBK
5446,USDJ
5447,Helix
5448,Metaprediction
5449,Beer Money
5450,WiBX
5453,KardiaChain
5455,Trexcoin
5457,Two Prime FF1 Token
5459,3x Short Bitcoin SV Token
5460,3x Long Bitcoin SV Token
5461,3x Short Litecoin Token
5462,3x Long Litecoin Token
5463,3x Short Tezos Token
5464,3x Long Tezos Token
5465,Alchemy
5466,3x Short Bitcoin Cash Token
5467,3x Long Bitcoin Cash Token
5468,Isiklar Coin
5469,AMATEN
5471,GHOST
5473,CRDT
5474,Ixinium
5475,GHOSTPRISM
5477,ECOChain
5478,ECOSC
5479,UCA Coin
5480,Bali Coin
5481,BASIC
5482,Counos X
5483,Binance KRW
5487,EarnBet
5488,JUST
5489,Sudan Gold Coin
5490,Lux Bio Cell
5494,eToro New Zealand Dollar
5507,eToro Euro
5508,Algory Project
5509,AAX Token
5512,BLOCKIDCOIN
5513,Crypto Holding Frank Token
5514,The Transfer Token
5516,LOA Protocol
5518,Torex
5520,Martkist
5521,EzyStayz
5522,SENSO
5523,Aragon Court
5524,TNC Coin
5527,Becaz
5528,Xenon
5529,ASYAGRO
5530,REBIT
5533,SKINCHAIN
5534,Inverse Bitcoin Volatility Token
5535,Bankcoin Reserve
5536,AtromG8
5538,Buzzshow
5539,VeraOne
5540,Mt Pelerin
5541,Xaya
5542,1x Long Bitcoin Implied Volatility Token
5544,Aluna.Social
5545,NFX Coin
5548,Massnet
5550,BeeEx
5551,The global index chain
5552,Hathor
5554,Vanywhere
5555,Universal Protocol Token
5560,Idea Chain Coin
5563,CryptoBharatCoin
5564,ARMTOKEN
5566,Keep Network
5567,Celo
5572,HOMIHELP
5577,Litecoin SV
5578,LEVELG
5580,IDK
5583,Hacken Token
5587,2key.network
5589,DXdao
5590,GeoDB
5591,Pyrk
5594,ZCore Token
5595,MultiCoinCasino
5599,XTRM COIN
5600,Attila
5601,xDai
5604,Secret
5607,Simple Software Solutions
5608,BTCUP
5609,BTCDOWN
5610,ZIMBOCASH
5612,SOMESING
5614,Zelwin
5616,MATH
5617,UMA
5618,Dawn Protocol
5619,VEHICLE DATA ARTIFICIAL INTELLIGENCE PLATFORM
5620,8X8 PROTOCOL
5622,Darma Cash
5623,Skillchain
5625,LUKSO
5626,King DAG
5628,VARC
5629,NDN Link
5630,WaykiChain Governance Coin
5631,Orion Protocol
5632,Arweave
5633,UCROWDME
5634,Fuse Network
5635,Paparazzi
5636,Compound Ether
5641,BackPacker Coin
5644,Blue Baikal
5646,MERCI
5647,Kadena
5648,BlockNoteX
5651,CryptoBet
5656,1x Short Bitcoin Token
5658,1X Short Ethereum Token
5659,Xank
5660,UniPower
5661,Fanaticos Cash
5662,Sylo
5663,ZelaaPayAE
5665,Helium
5666,Codeo Token
5667,Bitgesell
5669,Electronero Pulse
5671,Blood
5673,EYES Protocol
5674,PhoenixDAO
5677,IZE
5685,Barkis Network
5688,Global Human Trust
5690,Render Token
5691,SKALE Network
5692,Compound
5694,UniDollar
5695,Quish Coin
5697,DigiDinar Token
5698,GM Holding
5702,MONNOS
5703,Neuromorphic.io
5704,DFOhub
5705,AurusGOLD
5709,Chi Gastoken
5711,Golden Ratio Token
5712,FinNexus
5713,Ravencoin Classic
5715,PieDAO BTC++
5716,Gas Token Two
5717,ACE
5719,CACHE Gold
5721,SorachanCoin
5722,HOMT
5725,Bitsonic
5728,Balancer
5729,ChainZ Arena
5730,ROS Coin
5732,BITCOINHEDGE
5733,IOOX System
5736,Amun Bitcoin 3x Daily Long
5737,Amun Bitcoin 3x Daily Short
5738,Amun Ether 3x Daily Short
5739,Amun Ether 3x Daily Long
5741,DMM: Governance
5742,Compound Basic Attention Token
5743,Compound 0x
5744,Compound Wrapped BTC
5745,Compound USDT
5746,Compound Augur
5747,mStable USD
5748,mStable Governance Token: Meta (MTA)
5749,Aave TUSD
5750,Aave KNC
5751,Aave LINK
5752,Aave SNX
5753,Aave MKR
5754,Aave BAT
5755,Aave BUSD
5763,Aave DAI
5764,sBTC
5765,sETH
5769,sADA
5775,Oikos
5776,tBTC
5777,renBTC
5778,ETHPlus
5779,Ystar
5780,Pamp Network
5781,CashBackPro
5782,Bestay
5785,STPAY
5786,LYFE
5788,HelixNetwork
5789,SaveToken
5792,Bananatok
5793,Kublaicoin
5794,pNetwork
5796,Doctors Coin
5797,HEIDI
5798,Darwinia Network
5800,Treecle
5801,Nokencoin
5802,Sora
5803,BitCherry
5804,DeFiChain
5805,Avalanche
5806,Imsmart
5807,Release Project
5808,DeCash
5809,Cap
5810,bZx Protocol
5811,ENTONE
5814,Rivermount
5815,BitcoinPoS
5816,Rewardiqa
5818,Ormeus Cash
5820,Gstcoin
5821,Aleph.im
5824,Small Love Potion
5826,EtherBone
5827,AntiscamToken
5828,VN Token
5829,TrustSwap
5830,NXM
5831,Pizza
5832,ChallengeDac
5833,ASKO
5834,Add.xyz
5835,Decentr
5836,Idena
5837,DoDreamChain
5839,AnimalGo
5840,Insight Protocol
5841,NEST Protocol
5842,PUML Better Health
5843,STONK
5844,Cipher Core Token
5847,Defis
5849,NoleCoin
5850,Bitpayer Token
5853,LivenPay
5855,BELIEVER
5856,Bankroll Vault
5857,FLAMA
5858,QANplatform
5862,sDEFI
5863,sXAG
5864,yearn.finance
5865,FIO Protocol
5866,DEXTools
5867,KVANT
5868,STATERA
5869,SafePost
5870,Originate Coin
5871,Falcon Project
5873,NextDAO
5876,Datamine FLUX
5877,Rarible
5879,bZx Vesting Token
5880,Props Token
5881,Balloon-X
5882,Stafi
5884,Decurian
5885,EcoDollar
5886,Rowan Token
5888,NEOBITCOIN
5889,snglsDAO
5890,Unit Protocol
5892,Anyswap
5893,Frontier
5894,DoYourTip
5898,Index Chain
5899,Casper
5900,DigiDinar
5901,Union Fair Coin
5902,DragonVein
5903,Bitcoin True
5904,BLOCKCLOUT
5906,NerveNetwork
5907,Crypto Cricket Club
5908,dKargo
5910,Fesschain
5912,4ART Coin
5914,intexcoin
5915,Bone
5918,ModiHost
5919,Meter Governance
5920,AICON
5921,Cybercoin
5922,Swingby
5923,Crypto User Base
5924,Pantos
5926,CoinZoom
5931,Darwinia Commitment Token
5933,Fireball
5934,Hey Bitcoin
5935,Karma DAO
5936,Robonomics Web Services
5939,Wrapped NXM
5940,ZOM
5942,DEMOS
5945,Temtum
5947,TokenPocket
5948,Unicrypt
5949,Ulgen Hash Power
5950,DeFi Nation Signals DAO
5952,DMScript
5955,FME
5956,MCDEX
5957,DFI.Money
5958,MOTIV Protocol
5960,PayFrequent USD
5963,Centric Cash
5964,Trust Wallet Token
5965,PowerBalt
5966,Student Coin
5967,Trendering
5971,Tendies
5972,TrustDAO
5973,Vision Network
5985,Limestone Network
5986,Liquidity Dividends Protocol
5987,SIMBA Storage Token
5989,BNS Token
5990,Dev Protocol
5993,Lung Protocol
5994,SHIBA INU
5995,Kids Cash
5996,Marblecoin
5997,Libertas Token
5998,Antiample
5999,XT.com Token
6000,CNY Tether
6002,FOCV
6004,Bit World Token
6005,Crypto Village Accelerator
6016,FEX Token
6017,AOS
6018,Global China Cash
6022,PolypuX
6025,DigiMax DGMT
6026,All.me
6027,TOPBTC Token
6028,MDUKEY
6031,KVI
6032,Nilu
6033,Healing Plus
6036,Culture Ticket Chain
6037,3X Long Chainlink Token
6039,Connectome
6040,3X Short Cardano Token
6041,LP-yCurve
6051,888tron
6053,Mineral
6069,Assemble Protocol
6070,EIDOS
6074,3X Long Algorand Token
6075,GIVLY Coin
6077,3X Long Altcoin Index Token
6078,3X Long BitMax Token Token
6079,3X Long Cardano Token
6080,3X Long Cosmos Token
6081,3X Long Dogecoin Token
6082,3X Long Dragon Index Token
6083,3X Long Ethereum Classic Token
6084,3X Long Huobi Token Token
6085,3X Long Matic Token
6086,3X Long Midcap Index Token
6087,3X Long OKB Token
6088,3X Long Shitcoin Index Token
6090,3X Long TomoChain Token
6091,3X Short Algorand Token
6094,3X Short Chainlink Token
6095,Galaxy Wallet
6096,3X Short Cosmos Token
6097,3X Short Dogecoin Token
6099,3X Short Ethereum Classic Token
6100,3X Short Matic Token
6103,3X Short TomoChain Token
6104,Derivex
6105,HAPY Coin
6107,Eight Hours
6109,Essek Tov
6110,KYSC Token
6111,Ecoin
6112,Lapis Chain
6113,BlackPearl Token
6115,Chess Coin
6116,Bonk
6118,BitoPro Exchange Token
6119,Foundry
6120,Anchor Neural World
6126,BTC Network Demand Set II
6128,Chad Link Set
6129,ETH 20 Day MA Crossover Set
6130,ETH 20 Day MA Crossover Yield Set
6131,ZYX
6133,ETH 26 EMA Crossover Yield II
6138,DIA
6139,ETH/BTC RSI Ratio Trading Set
6140,ETH/LINK Price Action Candlestick Set
6141,ETH Price Action Candlestick Set
6143,ETH RSI 60/40 Crossover Set
6144,ETH RSI 60/40 Yield Set
6145,yffi finance
6152,FlexETH/BTC Set
6155,Intelligent Ratio Set
6156,Donut
6158,LINK/ETH RSI Ratio Trading Set
6159,LINK Profit Taker Set
6163,WhiteRockCasino
6169,JUIICE
6176,Modern Investment Coin
6179,SeChain
6180,SUKU
6187,Serum
6188,iETH
6190,sLINK
6191,sXAU
6192,sXTZ
6193,Cream Finance
6194,Geeq
6195,Unitrade
6198,Rozeus
6200,iBTC (Synthetix)
6204,sBNB
6209,Spheroid Universe
6210,The Sandbox
6211,Dionpay
6213,Global AEX Token
6214,Black Diamond Rating
6215,Master Coin Point
6216,AXEL
6217,TokenBacon
6218,Arcona
6219,Dice
6224,Bityuan
6225,Blockchain Exchange Alliance
6230,Diamond Voucher
6236,Offshift
6237,MDsquare
6238,3X Long Tether Gold Token
6240,3X Short Tether Gold Token
6243,DeFiPie
6245,SocialGood
6246,YAS
6247,Yield Farming Token
6249,Ziktalk
6250,WeSing Coin
6251,COST COIN+
6252,EcoG9coin
6253,PHILLIPS PAY COIN
6254,THECASH
6255,Thorium
6256,SHENG
6257,Berry
6258,HL Chain
6261,hybrix
6262,Jubi Token
6264,Dark Energy Crystals
6265,Play Royal
6266,SCC DIGforIT
6283,Blocery
6297,Proof Of Liquidity
6315,Decentralized Data Assets Management
6323,LinkCoin Token
6326,X-Block
6330,TUNE TOKEN
6365,Bounce Token (OLD)
6369,Maxonrow
6370,Terra SDT
6375,ASTA
6376,AVCCOIN
6388,BPOP
6390,Braziliex Token
6391,BSYS
6392,BTS Coin
6393,Bytus
6395,Cherry Token
6397,Coinzo Token
6404,AGA Token
6405,MiniSwap
6406,sBTC
6407,YF Link
6409,Ethverse
6410,Feellike
6412,CSPC
6414,DTOP Token
6416,Dcoin Token
6418,Digital Rand
6420,Distributed Energy Coin
6422,Dogz
6423,Dragonbit
6425,EasySwap
6426,DSYS
6427,EA Token
6430,Electric Vehicle Zone
6432,ECOMI
6435,Eska
6436,Empow
6437,ethArt
6442,FANBI TOKEN
6444,FANZY
6446,Fashion Coin
6447,Fisco Coin
6448,Force For Fast
6450,Gbrick
6455,FunKeyPay
6457,GLOBALTRUSTFUND TOKEN
6464,Heart Number
6465,Super Running Coin
6468,PeerEx
6470,Hiblocks
6473,IDCM Token
6475,Infinite Ricks
6477,FXPay
6478,Galaxy Pool Coin
6480,Intelligence Quickly Chain
6483,JUST NETWORK
6484,Kaleido
6487,Kevacoin
6489,Khipu Token
6490,ITAM Games
6495,LoveHearts
6496,Portal
6498,Metacoin
6500,ThreeFold
6501,TRONbetDice
6502,CBDAO
6503,RMPL
6506,Halving Token
6507,Kulupu
6508,TronEuropeRewardCoin
6511,Strong
6519,Aludra Network
6520,HOPR
6521,Machi X
6524,Ndau
6525,UniversalEnergyChain
6526,MangoChain
6527,Ludos Protocol
6528,Ripple Alpha
6529,NanTrade
6531,ROONEX
6532,Mandi Token
6535,NEAR Protocol
6536,MANTRA DAO
6537,RioDeFi
6538,Curve DAO Token
6539,YAM v1
6541,Relevant
6542,happy birthday coin
6548,Web Coin Pay
6551,Frens Community
6552,Waifu Token
6554,GamerCoin
6556,MONEY PARTY
6558,Xrpalike Gene
6559,ORBYT Token
6562,VIG
6564,ZenSports
6565,TideBit Token
6566,Meridian Network
6567,OWL
6570,Based Money
6572,Equus Mining Token
6575,Tacos
6578,Trump Wins Token
6583,Multiplier
6584,WingShop
6586,Bintex Futures
6588,Etherisc DIP Token
6589,Sendvibe
6592,BarterTrade
6593,Bitgear
6594,MYX Network
6596,cherry
6597,Meme
6598,Aureus Nummus Gold
6600,Bitalgo
6602,XFUEL
6604,UCX FOUNDATION
6605,Tokens of Babel
6606,Schain Wallet
6607,MixTrust
6608,Community Token
6609,Decentrahub Coin
6610,Defis Network
6611,DuckDaoDime
6612,Fera
6613,Free Tool Box Coin
6615,Love Coin
6617,Ethereum Vault
6621,Keysians Network
6622,Hakka.Finance
6623,DOGEFI
6624,Golden Ratio Coin
6625,Innovation Blockchain Payment
6626,SPACE-iZ
6627,Meter Stable
6628,Meter Governance mapped by Meter.io
6632,AlphaLink
6633,Porkchop
6636,Polkadot
6638,UniLayer
6642,Camouflage.eth
6645,COIL
6647,Rebased
6649,Cat Token
6650,NFT
6651,USDX [Kava]
6653,FolgoryUSD
6654,Crypto Price Index
6655,Krosscoin
6657,YAMv2
6659,DACC2
6660,LOOPREX
6662,DeFinition
6664,GRAP
6665,LGCY Network
6666,YMPL
6667,Xiotri
6668,PROXI
6669,PowerPool
6670,Axis DeFi
6672,DeFi Omega
6674,Fyooz
6675,MIKS COIN
6676,Orbicular
6677,BitherCash
6679,WHALE
6680,Digex
6682,Pollux Coin
6684,Dextoken
6685,Newtonium
6686,yVault LP-yCurve
6689,DegenVC
6692,MORK
6693,OC Protocol
6694,Open Predict Token
6696,The Hash Speed
6700,Libera
6701,Burency
6703,CAT.trade Protocol
6704,JBOX
6705,Lien
6708,YFIEXCHANGE.FINANCE
6709,Vidya
6711,Mazzuma
6714,Libfx
6715,Sperax
6718,Growth DeFi
6719,The Graph
6722,Dextrust
6723,Blaze Network
6724,Klever
6726,YUSRA
6727,Reserve
6728,Wenburn
6731,Tokamak Network
6732,DEONEX COIN
6733,SYB Coin
6734,Vision
6735,Nexalt
6737,Port of DeFi Network
6738,Quantbook
6741,Hands of Steel
6742,DxSale Network
6743,Falconswap
6744,Chain Games
6745,CEDARS
6747,Crust
6758,SushiSwap
6760,Easticoin
6761,ReFork
6764,NTON
6765,ESR Coin
6766,Satopay Network
6767,COVIR.IO
6769,Money Plant Token
6773,FUTUREXCRYPTO
6775,Dipper Network
6777,YEP COIN
6783,Axie Infinity
6789,Blockchain Cuties Universe Governance
6796,DeFi of Thrones
6799,Swapfolio
6801,TriumphX
6803,ATTN
6804,MiraQle
6807,YFISCURITY
6810,Multi Channel Influencer Creater Cloud Funding Platform
6811,Fee Active Collateral Token
6812,YFIVE FINANCE
6814,AmazonasCoin
6815,GOT Token
6818,Popcorn
6821,Bast
6822,DistX
6823,Semitoken
6824,Epanus
6825,Social Finance
6829,Pearl
6833,Litentry
6839,KIMCHI.finance
6841,Phala Network
6843,Radicle
6848,Walnut.finance
6850,DeFiat
6851,GrafSound
6852,Akropolis Delphi
6855,BIDR
6857,DeFi Bids
6859,Harvest Finance
6861,ChartEx
6862,Boosted Finance
6863,YFFS Finance
6865,Crypton
6866,TAI
6867,STABLE ASSET
6868,Seigniorage Shares
6869,BLOCKMAX
6870,OIN Finance
6872,Carrot
6874,SalmonSwap
6875,YFIBusiness
6881,DefiDollar
6882,ExNetwork Token
6883,KittenFinance
6884,Obee Network
6886,yfBeta
6887,Uniris
6888,Omega Protocol Money
6889,TRONbetLive
6890,TON Token
6891,Shroom.Finance
6892,Elrond
6894,AstroTools
6896,CORN
6898,JackPool.finance
6899,SSS Finance
6901,Swerve
6905,Upper Euro
6906,Upper Pound
6907,Upper Dollar
6909,YFA Finance
6911,BNSD Finance
6912,Yield Stake Finance
6913,YFUEL
6914,junca Cash
6915,Yearn Finance Protocol
6916,The Forms
6918,Foresight
6919,Definitex
6920,Coin Artist
6924,FlashSwap
6928,Bella Protocol
6929,Hegic
6930,Kira Network
6931,Token CashPay
6933,Nuco.cloud
6934,BEAR Coin
6935,Fiscus.fyi
6937,JustLiquidity
6938,YFDAI.FINANCE
6939,GOD KIMCHI
6940,Lead Wallet
6941,Huobi BTC
6942,Juggernaut
6943,Baguette Token
6944,MilliMeter
6945,Amp
6947,Valobit
6949,Hedget
6950,Perpetual Protocol
6951,Reef
6952,Frax
6953,Frax Share
6954,Enceladus Network
6955,Dollars
6956,BUILD Finance
6957,AllianceBlock
6958,Alchemy Pay
6960,DefiBox
6963,DMD
6964,"YFIKING,FINANCE"
6965,HBTC Captain Token
6966,i9 Coin
6968,Mafia.Network
6969,Maki Finance
6970,OpenAlexa Protocol
6971,Predix Network
6973,YEARN2.FINANCE
6974,Yeld Finance
6975,YFFII Finance
6976,French Digital Reserve
6978,Candela Coin
6979,Farm House Finance
6980,AladiEx
6981,New Year Bull
6982,OBIC
6983,DOOS TOKEN
6984,FINANCIAL INVESTMENT TOKEN
6985,Dragon Ball
6986,Squirrel Finance
6989,Zeedex
6990,SUN
6991,Sashimi
6992,Spartan Protocol
6993,REVV
6997,SakeToken
7000,EOSDOWN
7001,XRPUP
7002,XRPDOWN
7003,DOTUP
7004,TRXDOWN
7005,TRXUP
7006,DOTDOWN
7007,XTZUP
7008,XTZDOWN
7009,BNBUP
7010,BNBDOWN
7011,LINKUP
7012,LINKDOWN
7013,ADAUP
7014,ADADOWN
7015,ETHDOWN
7016,ETHUP
7017,MoonSwap
7019,SherLOCK Security
7020,Nyan Finance
7021,OFIN Token
7022,Pickle Finance
7024,Tixl
7025,Vybe
7030,Betherchip
7031,CHADS VC
7033,Empty Set Dollar
7034,Golff
7036,Lottonation
7038,Xfinance
7039,Ymen.Finance
7040,UpBots
7041,Gather
7042,Momentum
7043,Pofid Dao
7044,Zyro
7045,Yield Farming Known as Ash
7046,Aavegotchi
7047,Tribute
7048,Wing
7049,Etherpay
7050,Atlantis Token
7051,bXIOT
7055,DeFi Pulse Index
7059,Mobilian Coin
7060,Thisoption
7061,YFarmLand Token
7063,Zoom Protocol
7064,BakeryToken
7065,Dollar Protocol
7066,Justdobet
7072,Fame
7073,Hybrid Bank Cash
7074,Oracolxor
7075,P2P
7077,UniFi Protocol
7078,Va Na Su
7080,Gala
7082,Moon YFI
7083,Uniswap
7084,3X Long Sushi Token
7085,3X Short Sushi Token
7087,Dego Finance
7090,StarDEX
7093,YFMoonshot
7094,dHedge DAO
7095,Unisocks
7096,Bridge Oracle
7097,Diagon
7098,ETF Dao
7099,Exchange Payment Coin
7102,Linear
7103,Oracle System
7105,Permission Coin
7106,Resoper
7109,Hatch DAO
7110,New BitShares
7111,XSwap
7112,Shill & Win
7113,Markaccy
7116,Crypto Accept
7118,Livenodes Token
7120,RI Token
7121,Samurai
7122,UNIFI DeFi
7124,YMAX
7125,DEUS Finance
7126,Giftedhands
7127,Velo
7129,TerraUSD
7131,YAM v3
7133,Ducato Protocol Token
7134,Finswap
7135,Kush Finance
7136,OneSwap DAO Token
7140,yTSLA Finance
7141,Axioms
7143,DiFy.Finance
7145,Defi Shopping Stake
7146,IYF.finance
7148,ISTARDUST
7150,Flamingo
7154,ITEN
7155,Ternio-ERC20
7156,Toshify.finance
7157,Basid Coin
7158,Burger Swap
7159,Digital Currency Daily
7160,Gire Token
7161,GokuMarket Credit
7162,iCherry Finance
7163,Moon Juice
7164,Rotten
7165,UnityDAO
7166,YFIX Finance
7167,Acuity Token
7168,xBTC
7169,Chicken
7170,Contribute
7171,DeFi Firefly
7174,Rope
7175,Tcbcoin
7176,Beowulf
7178,Combine.finance
7179,CY Finance
7182,BillionHappiness
7186,PancakeSwap
7187,S.Finance
7189,Origin Dollar
7190,PowerTrade Fuel
7191,SwapShip
7192,Wrapped BNB
7193,YFII Gold
7198,SpokLottery
7199,Ultra Clear
7200,Bidao
7202,OctoFi
7203,Puriever
7205,Safari
7206,TitanSwap
7207,UNII Finance
7208,Polkastarter
7210,Buccaneer V2
7212,Consensus Cell Network
7214,CryptoWater
7215,CXN Network
7216,Lua Token
7217,Morpher
7219,Rubic
7221,Wrapped LEO
7222,yAxis
7223,Dfinance
7224,DODO
7225,DeFiner
7226,Injective Protocol
7227,APY.Finance
7228,DerivaDAO
7230,Opium
7231,Nsure.Network
7232,Alpha Finance Lab
7234,Yearn Land
7235,Trading Membership Community
7236,Celo Dollar
7237,Yearn Finance Bit
7238,TKN Token
7241,AmericanHorror.Finance
7242,cVault.finance
7243,QChi Chain
7244,SaTT
7245,Stobox Token
7246,Tamy Token
7247,Timers
7249,Yearn Finance Passive Income
7250,YFE Money
7251,YieldWars
7252,Yoink
7254,Metric Exchange
7255,Aitra
7256,Mettalex
7257,APEcoin
7258,Coinwaycoin
7260,DeltaHub Community
7262,extraDNA
7264,Kompass
7269,Pajama.Finance
7270,SAFE DEAL
7271,Starname
7275,Yearn Finance Ecosystem
7277,BigdataCash
7278,Aave
7281,Persistence
7284,PieDAO DOUGH v2
7285,Deipool
7286,YFOX FINANCE
7288,Venus
7292,YFMoonBeam
7293,YFET
7294,Yearn4 Finance
7298,Phantasma Energy
7300,ErcauX
7301,AurusDeFi
7302,ZAC Finance
7305,Jackpot
7306,Smol
7307,Cyclops Treasure
7309,Bellevue Network
7310,Gem Exchange And Trading
7311,Beefy.Finance
7312,Novo
7314,PieDAO DEFI Small Cap
7315,Polyient Games Governance Token
7317,YeaFinance
7318,Zero Utility Token
7319,YFOS.finance
7320,Neutrino Token
7321,yOUcash
7322,Stream Protocol
7323,XCredit
7325,Dark.Build
7326,DeXe
7329,LYNC Network
7330,OWL Token (StealthSwap)
7331,YFPRO Finance
7332,EasyFi
7333,DeFi Insurance Protocol
7334,Conflux Network
7335,FUD.finance
7336,Index Cooperative
7337,PieDAO DEFI Large Cap
7341,Vera Cruz Coin
7342,Wrapped Origin Axie
7343,Yfscience
7344,Almace Shards
7345,Hauteclere Shards
7346,Kauri
7347,QOOBER
7348,Portion
7349,Centaur
7350,Crypxie
7351,fry.world
7353,Jiviz
7356,Thirm Protocol
7358,YFED.Finance
7360,BFis.Finance
7361,Fridn
7363,POP Network Token
7366,Stabilize
7367,SnowSwap
7368,Power Index Pool Token
7371,Mover
7375,SUP
7376,Doki Doki Finance
7377,Dogeswap
7379,LimitSwap
7380,Dracula Token
7381,CoFiX
7382,ACoconut
7385,deCraft Finance
7386,Spaceswap
7389,Non-Fungible Yearn
7390,SHAKE
7392,Talent Token
7395,Atari Token
7396,r/CryptoCurrency Moons
7397,Tavittcoin
7398,Coreto
7399,Global Gaming
7400,YFi Management
7401,Load Network
7403,Wrapped BIND
7404,Value Liquidity
7406,MoonTools
7407,Payship
7408,Sergey Save Link
7409,HyperBurn
7410,Yearn Finance DOT
7412,UniLend
7413,Azzure
7414,Behodler
7415,BonezYard
7416,Cross Finance
7419,DAOFi
7420,Digital Reserve Currency
7421,Bitfinex Bitcoin Dominance Perps
7422,PlotX
7423,RUSH
7424,Hermez Network
7425,PayAccept
7428,SWAG Finance
7429,Liquity
7430,Zenfuse
7431,Akash Network
7432,Bit Financial
7435,Pepemon Pepeballs
7436,BonFi
7437,MobiePay
7438,ZeroSwap
7440,BarnBridge
7441,yRise Finance
7442,YFIA
7443,dXIOT
7447,GALAXY NETWORK
7448,LCG
7450,PayUSD
7452,YFIUP
7453,YFIDOWN
7454,ETG Finance
7455,Audius
7458,Payou Finance
7460,Alpha Quark Token
7461,PlayDapp
7462,United
7463,RAMP
7465,Vox.Finance
7466,PRIA
7467,Swirge
7469,Apiary Fund Coin
7471,Wrapped Virgin Gen-0 CryptoKitties
7472,Wrapped Gen-0 CryptoKitties
7473,Wrapped Basic CryptoKitties
7474,Axia Protocol
7475,Camp
7478,Yearn Finance Network
7481,Moonday Finance
7482,McNetworkDefi
7483,DeFi Gold
7484,Friends With Benefits
7486,Rari Governance Token
7487,Chonk
7488,ShareAt
7489,BananoDOS
7494,JustBet
7496,Spore Finance
7497,Marlin
7498,Yield Protocol
7500,Bonded Finance
7501,Wootrade
7502,StableXSwap
7503,Bithao
7504,WeBlock
7505,TON Crystal
7507,Neeva Defi
7509,BoringDAO
7510,QuiverX
7511,DogDeFiCoin
7512,Unistake
7513,BitOnyx
7514,IDall
7515,Ubiner
7516,Naz Coin
7517,YFI CREDITS GROUP
7518,Voice Token
7519,BSCswap
7520,SynLev
7521,EDC Blockchain
7524,UNIUP
7525,UNIDOWN
7526,LTCUP
7527,LTCDOWN
7528,SXPUP
7529,SXPDOWN
7530,Yearn Finance Red Moon
7531,Lumos
7532,pxUSD Synthetic USD Expiring 1 April 2021
7533,Oraichain Token
7534,Tsunami finance
7535,Keep3rV1
7536,Aspire
7537,Tatcoin
7538,Degens
7539,Colibri Protocol
7540,MegaCryptoPolis
7541,HubDao
7542,Bloody Token
7543,Hoo Token
7544,The Luxury Coin
7545,Jointer
7547,SURF Finance
7548,WEMIX
7551,YYFI.Protocol
7552,Hyve
7553,UnFederalReserve
7554,Hiz Finance
7557,Gold BCR
7559,Tadpole Finance
7560,Fundamenta
7563,DotBased
7564,Pteria
7565,$YEET
7566,stakedFIRO
7568,Smpl foundation
7569,King Swap
7570,Blurt
7571,Social Rocket
7572,Yearn Secure
7574,Stacy
7575,nYFI
7576,HARD Protocol
7578,Elxis
7579,Mars Network
7581,Goldblock
7582,Keep4r
7583,Auric Network
7585,Freeway Token
7586,Yearn Classic Finance
7587,UTU Protocol
7588,Gameswap
7589,Cryptochrome
7590,Dvision Network
7591,Misbloc
7592,Pepedex
7593,DefiDollar DAO
7595,SERGS
7596,SmartCredit Token
7597,CSP DAO
7598,Tessla Coin
7600,Wrapped Conceal
7601,zHEGIC
7602,zLOT Finance
7607,Baroin
7609,Fiola
7611,Zuplo
7612,Yearn Finance Bit2
7613,Yfi.mobi
7614,TEAL
7615,MTI Finance
7616,Lattice Token
7617,saffron.finance
7618,Alpaca City
7619,Bitcoiva
7620,Trade.win
7621,VROOMGO
7622,UBIX.Network
7623,Libartysharetoken
7624,GoldFinX
7625,gAsp
7626,7up Finance
7627,PicaArtMoney
7628,Coral Swap
7629,YFIII
7630,Ethereum Lightning
7631,FRMx Token
7632,Rake Finance
7633,wormhole.finance
7634,The LoveChain
7635,UniWorld
7636,Team Heretics Fan Token
7637,Trabzonspor Fan Token
7638,Apollon Limassol
7639,Club Atletico Independiente
7640,Future-Cash Digital
7641,Medicalveda
7642,BitDEFi
7643,Nyan V2
7644,VKF Platform
7646,noob.finance
7647,Azuki
7648,XFII
7649,pulltherug.finance
7650,LIQUID
7653,Oasis Network
7654,RedFOX Labs
7655,CloudCoin
7656,Mercurity Swap Protocol
7657,BAEPAY
7658,GARD Governance Token
7659,Peet DeFi
7661,GYSR
7662,7Finance
7663,EduMetrix Coin
7664,UniCrypt
7665,NestEGG Coin
7668,LONG COIN
7669,UNCL
7670,Blueshare Token
7671,SEEN
7672,Unifi Protocol DAO
7673,AGOV (ANSWER Governance)
7674,Volts.Finance
7675,Interest Bearing ETH
7676,Axion
7677,ReapChain
7678,KeeperDAO
7680,Sav3Token
7681,Ideaology
7684,ORO
7686,Bitcoin Cash ABC
7687,Folder Protocol
7688,SOMIDAX
7689,Yup
7690,Your Finance Decentralized
7691,Farmland Protocol
7692,Radix
7694,Governor DAO
7695,Kanva
7696,PBS Chain
7697,Experty Wisdom Token
7698,CorionX
7699,CyberFi Token
7700,WAY-F coin
7701,SUP8EME
7703,MileVerse
7704,Mining Core Coin
7707,Fromm Car
7709,YUI Token
7712,Freedom Reserve
7713,Order of the Black Rose
7714,swiss.finance
7716,Earnbase
7717,TecraCoin
7718,Combo
7720,DefHold
7721,KUN
7722,QUSD
7723,Itchiro Games
7724,X Infinity
7725,TrueFi
7726,ICHI
7727,UniWhales
7732,Brother Music Platform
7733,Light Coin Exchange Token
7734,TOM Finance
7737,API3
7739,DexKit
7740,Polaris Share
7741,UnoSwap
7742,88mph
7743,Ethereum Yield
7746,Felixo Coin
7747,reflect.finance
7748,BSC FARM
7749,Paypolitan Token
7750,Archer DAO Governance Token
7751,KP2R.Network
7752,LibreFreelencer
7753,BIOKKOIN
7755,Handy
7758,Eauric
7759,Lock3r Network
7760,Komet
7761,BuildUp
7762,Lyra
7763,BlackDragon
7764,Simbcoin Swap
7765,Benchmark Protocol
7766,Divert Finance
7767,Wrapped ZEC
7768,TheOvOrideA
7771,HoldToWin
7772,Leverj Gluon
7773,Prophet
7774,AAVEUP
7775,AAVEDOWN
7776,Vanilla Network
7777,Tradebitpay
7778,Metis
7779,XPToken.io
7781,LeLeFoodChain
7782,Ethanol
7783,Open Governance Token
7784,BLink
7785,Bundles Finance
7787,JSB FOUNDATION
7788,Yearn Loans Finance
7789,OASISBloc
7790,LifetionCoin
7791,PancakeBunny
7794,YFI3.money
7795,Bird.Money
7796,COIN
7797,DeFireX
7798,Decentral Games
7800,AllWin DeFi
7801,HRDCOIN
7802,Bitpumps Token
7803,Ethereum Stake
7805,Muse
7806,Cornichon
7809,Carbon
7810,STVKE
7811,Bullswap Exchange
7812,SYNC Network
7813,Basis Cash
7814,Alaya
7815,DefiCliq
7816,Basis Share
7817,Bifrost (BFC)
7818,Wrapped CrescoFin
7819,Unicap.finance
7821,Royale Finance
7824,Vai
7826,Zoracles
7828,KING OF DEFI
7831,Narwhalswap
7832,REALPAY
7833,PiSwap Token
7834,DEJAVE
7835,"Money of Tomorrow, Today"
7837,Apple Finance
7838,Base Protocol
7839,Degov
7841,Idle
7843,Asia Reserve Currency Coin
7844,ACryptoS
7850,PoolStake
7852,IterationSyndicate
7854,ACDX Exchange Token
7855,Gold Coin Reserve
7856,Greenheart Punt
7857,Mirror Protocol
7859,Badger DAO
7860,ClinTex CTi
7862,YearnAgnostic Finance
7864,DGPayment
7865,WaterDrop
7866,Monavale
7867,Bitcashpay
7870,Plasma Finance
7872,ECOC Financial Growth
7874,PieDAO DEFI++
7875,MM Token
7876,Sora Validator Token
7877,Debase
7878,MobileCoin
7879,Unifty
7880,YFIDapp
7881,sKLAY
7882,EFFORCE
7883,WELL
7884,Elite Swap
7885,Katalyo
7886,Glox Finance
7887,Tesla tokenized stock FTX
7888,Nio tokenized stock FTX
7889,Alibaba tokenized stock FTX
7890,Amazon tokenized stock FTX
7891,Pfizer tokenized stock FTX
7892,Beyond Meat tokenized stock FTX
7893,Taiwan Semiconductor Mfg tokenized stock FTX
7894,Apple tokenized stock FTX
7895,Billibilli Inc tokenized stock FTX
7896,ARK Innovation ETF tokenized stock FTX
7897,Facebook tokenized stock FTX
7898,MicroStrategy tokenized stock FTX
7899,Netflix tokenized stock FTX
7900,Moderna tokenized stock FTX
7901,PayPal tokenized stock FTX
7902,Square tokenized stock FTX
7903,Advanced Micro Devices tokenized stock FTX
7904,WAV3
7905,Groovy Finance
7906,Elynet
7907,VersoView
7913,NVIDIA tokenized stock FTX
7914,Google tokenized stock FTX
7915,SPDR S&P 500 ETF tokenized stock FTX
7916,Twitter tokenized stock FTX
7917,Uber tokenized stock FTX
7918,BioNTech tokenized stock FTX
7919,Tesla tokenized stock Bittrex
7920,SPDR S&P 500 ETF tokenized stock Bittrex
7921,Alibaba tokenized stock Bittrex
7922,Beyond Meat Inc tokenized stock Bittrex
7923,Pfizer tokenized stock Bittrex
7924,Apple tokenized stock Bittrex
7925,BioNTech tokenized stock Bittrex
7926,Facebook tokenized stock Bittrex
7927,Google tokenized stock Bittrex
7928,Netflix tokenized stock Bittrex
7929,Amazon tokenized stock Bittrex
7930,Billibilli tokenized stock Bittrex
7931,Bondly
7932,Airbnb tokenized stock FTX
7933,Alpha5
7935,Sugarchain
7936,FOMPOUND
7939,Yearn Ecosystem Token Index
7940,Grain
7942,Curate
7945,Cyber Network Token
7946,Grace Period Token
7947,Rank Token
7949,Interfinex
7951,ARVO
7952,Venus SXP
7953,502 Bad Gateway Token
7955,MEME CASH
7957,Venus USDT
7958,Venus USDC
7959,Venus BUSD
7960,Venus XVS
7961,Venus BNB
7962,Venus BTC
7963,Venus ETH
7964,Venus LTC
7965,Venus XRP
7967,AC Index
7968,Pluto
7969,XVIX
7970,VELO Token
7971,yplutus
7972,Honey
7973,Deflect
7974,Venus BCH
7975,Venus LINK
7976,Venus DOT
7977,Unit Protocol Duck
7978,Bonfida
7980,MinePlex
7981,PIGX
7983,YFWorld
7986,Hub - Human Trust Protocol
7987,Blaze DeFi
7988,Zugacoin
7989,fyeth.finance
7990,Richlab Token
7991,Yield
7992,Ludena Protocol
7993,Node Runners
7995,Trinity Protocol
7996,Buy-Sell
7997,renFIL
7998,Predictz
8000,Lido DAO Token
8001,Mirrored Apple
8002,SpiderDAO
8003,Mirrored Google
8004,Mirrored Tesla
8005,Mirrored Netflix
8006,Mirrored Alibaba
8007,Natural Farm Union Protocol
8011,Davincij15 Token
8012,MediconnectUk
8013,PIRANHAS
8014,FNK wallet
8016,Mirrored Amazon
8017,Mirrored Microsoft
8018,Mirrored Twitter
8019,N3RD Finance
8020,DeFiato
8021,HLand Token
8023,Scifi Finance
8024,Mirrored iShares Gold Trust
8025,Mirrored Invesco QQQ Trust
8026,Mirrored iShares Silver Trust
8027,Mirrored United States Oil Fund
8028,Mirrored ProShares VIX
8029,Oxygen
8030,NFTLootBox
8031,governance ZIL
8032,Absorber Protocol
8034,BioPassport Token
8035,Grom
8036,YVS.Finance
8037,Terra Virtua Kolect
8038,WallStreet.Finance
8039,Reflector.Finance
8040,R34P
8041,Refract
8043,MahaDAO
8044,Adappter Token
8045,APY Vision
8047,FIRST INTERCHANGEABLE TOKEN
8048,Everyonescrypto
8049,Tornado Cash
8050,FILUP
8051,FILDOWN
8053,SUSHIUP
8054,XLMDOWN
8055,XLMUP
8056,UNION Protocol Governance Token
8057,AnRKey X
8058,Binance VND
8059,Golden Ratio Per Liquidity
8060,B21 Invest
8063,Duck DAO (DLP Duck Token)
8066,YIELD App
8068,Coinbase Pre-IPO tokenized stock FTX
8070,Taxi
8071,OnX Finance
8074,Basis Dollar
8075,Rally
8076,Capital.Finance
8077,Rootkit Finance
8079,Dexfin
8080,DeFi Yield Protocol
8082,Tornado
8083,Tokenlon Network Token
8084,nHBTC
8085,stETH (Lido)
8086,Ditto
8087,FastSwap
8090,Trade Butler Bot
8093,DAPPCENTS
8095,Orient
8099,3XT TOKEN
8100,ankrETH
8103,unilock.network
8104,1inch
8105,ROCKI
8106,Dynamic Set Dollar
8107,Cobak Token
8110,Tacoswap
8112,Bankcoin
8113,CryptoBank
8115,TokenSwap
8116,Diffract Finance
8117,Dymmax
8118,Global Utility Smart Digital Token
8119,SafePal
8120,Whiteheart
8121,Themis
8123,Australian Dollar Token
8124,DRC mobility
8125,Unique One
8126,Bitpower
8128,DeFiSocial Gaming
8129,Fire Protocol
8130,Supreme Finance
8131,Curio Governance
8132,BiFi
8133,SmartKey
8134,Keep3r BSC Network
8135,CryptoKek
8136,WAXE
8137,MITH Cash
8138,LinkBased
8140,Wifi Coin
8141,Mithril Share
8142,IDL Token
8143,Nord Finance
8144,OVR
8145,SparkPoint Fuel
8146,Zipmex
8148,DigiCol
8150,Utopia Genesis Foundation
8153,Basiscoin Cash
8154,Basiscoin Share
8156,GGDApp
8158,Space Dollar
8159,One Cash
8160,One Share
8161,Shopping
8162,AMEPAY
8163,Exeedme
8164,JulSwap
8165,Ztranzit Coin
8166,MAPS
8167,Wise
8168,Bao Finance
8169,Polkainsure Finance
8172,bDollar Share
8173,Loon Network
8174,CircleSwap
8175,COVER Protocol
8176,Firdaos
8177,KnoxFS (new)
8178,My Crypto Play
8181,DePay
8182,VidyX
8183,True Seigniorage Dollar
8185,Trism
8186,Banana.finance
8187,Yield Optimization Platform & Protocol
8188,MoneySwap
8189,Shabu Shabu Finance
8190,BSCEX
8191,NFTX
8192,Zero Collateral Dai
8193,Tenet
8194,BitDNS
8195,Definex
8196,Mantis
8198,HappinessToken
8199,Securypto
8200,FOX Token
8201,Delphi Chain Link
8202,ZKSwap
8204,Bat True Dollar
8205,Bat True Share
8206,QuickSwap
8207,PlayAndLike
8212,Earn Defi Coin
8213,Venus Filecoin
8214,Venus DAI
8215,PrimeFinance
8216,Electra Protocol
8217,CheeseSwap
8218,Vaultz
8219,bDollar
8220,Serum Ecosystem Token
8221,Tronx Coin
8222,Fission Cash
8223,YFST.Protocol
8224,Dequant
8226,Xdef Finance
8227,Connect Financial
8228,Clever DeFi
8229,UniMex Network
8230,AI Network
8232,UniDex
8233,Hithotx
8234,Daiquilibrium
8235,Wrapped Monero
8236,Glitch
8237,Basis Dollar Share
8238,Dynamic Supply Tracker
8239,Dynamic Supply
8240,SOAR.FI
8241,Prophecy
8243,Passive Income
8245,Hydra
8247,PayYoda
8248,DEUS Finance DEA
8251,AGAr
8252,pBTC35A
8253,Mars
8255,Prosper
8256,HollyGold
8258,CUDOS
8259,Furucombo
8260,Indexed Finance
8262,PegsUSD
8263,PegsShares
8264,Basis Gold Share
8265,Helmet.insure
8266,Mandala Exchange Token
8267,OKExChain
8268,Solomon Defi
8269,YFTether
8270,Gera Coin
8271,Poolz Finance
8272,THORChain (ERC20)
8273,Basis Gold
8274,Yearn Shark Finance
8275,ISALCOIN
8276,Arianee
8277,stakedXEM
8278,VEROX
8279,e-Money
8280,ARTH
8281,Golden Goose
8282,Koinos
8283,StaysBASE
8284,TokenAsset
8285,Block Duelers NFT Battles
8286,Excavo Finance
8288,Wrapped Celo
8290,SuperFarm
8292,Router Protocol
8293,Zero Exchange
8294,Cometh
8295,CPUcoin
8296,KLAYswap Protocol
8297,zzz.finance v2
8299,Stake DAO
8300,Polkacover
8302,QFinance
8303,Pokeball
8304,Rigel Finance
8305,Insured Finance
8306,Typhoon Cash
8307,DIGG
8309,ARMOR
8310,TosDis
8311,StakeHound Staked Ether
8312,Bitbot Protocol
8313,r3fi.finance
8314,Nydronia
8316,XUSD Stable
8319,POC Blockchain
8320,PolkaBridge
8321,STING
8323,PieDAO Balanced Crypto Pie
8324,PieDAO Yearn Ecosystem Pie
8325,EOX
8326,CURE Farm
8327,Narwhale.finance
8328,Armor NXM
8329,PAID Network
8330,Xstable.Protocol
8331,Energy Ledger
8334,Kebab Token
8335,Mdex
8336,Interop
8337,Secret (ERC20)
8338,Tokemon
8339,xFund
8340,Natus Vincere Fan Token
8341,Young Boys Fan Token
8342,GameStop tokenized stock FTX
8343,AMC Entertainment Holdings tokenized stock FTX
8344,Grayscale Bitcoin Trust tokenized stock FTX
8345,BlackBerry tokenized stock FTX
8347,Psychic
8348,USDEX
8350,Panda Yield
8351,OptionRoom
8352,Gasgains
8353,Beacon ETH
8357,Bitcicoin
8358,Potentiam
8359,TTCRYPTO
8360,BULLS
8361,Universal Dollar
8362,Gladius Finance
8363,renDOGE
8364,Bridge Mutual
8365,Crowns
8366,World Token
8367,Name Changing Token
8368,Xeno Token
8369,Civitas Protocol
8370,Venus BETH
8371,Elevate
8372,XNODE
8373,QUAI DAO
8374,protocol finance
8375,GOGO.finance
8376,MASQ
8377,SportX
8378,Akita Inu
8379,Phoswap
8380,Wrapped Shift
8381,Soteria
8382,Petrachor
8383,Filecash
8385,Umbrella Network
8386,Gourmet Galaxy
8387,Auto
8388,REDi
8389,BambooDeFi
8390,Strudel Finance
8391,The Famous Token
8392,MoonDayPlus
8393,Zytara dollar
8394,Anime Token
8396,TheToken.Network
8397,FEGtoken
8398,YFIONE
8399,Lotto
8400,UniDexGas
8403,YFLink Synthetic
8404,Option Token
8405,Butterfly Protocol
8407,Defla
8408,Govi
8409,Razor Network
8410,NFTX Hashmasks Index
8411,Marginswap
8412,MP3
8413,Rug Proof
8414,Fairum
8416,Finxflo
8418,CryptoTask
8419,APYSwap
8420,DAO Maker
8421,Argon
8423,Public Mint
8424,Deri Protocol
8425,Jasmy
8426,Filda
8427,Lendhub
8428,Monster Slayer Cash
8429,Clash Token
8430,DEFI Top 5 Tokens Index
8431,G999
8433,Chow Chow
8436,Freeliquid
8437,USDFreeLiquidity
8438,Hoge Finance
8439,Warp Finance
8440,BlackFisk
8441,Cenfura Token
8442,EthicHub
8443,LUXOCHAIN
8444,Gains Farm v2
8445,SharedStake
8446,DeFiStarter
8448,MCOBIT
8449,Goose Finance
8452,Shield Protocol
8453,Tigerfinance
8454,BotOcean
8455,TAMA EGG NiftyGotchi
8457,B20
8458,Peanut
8459,PizzaSwap
8460,Rise Protocol
8462,Birthday Cake
8463,Tapmydata
8464,YFBitcoin
8465,Monster Slayer Share
8467,Uberstate RIT 2.0
8469,LavaSwap
8470,Super CoinView Token
8471,YieldPanda Finance
8472,Mythic Finance
8473,YieldNyan
8476,Premia
8478,DAOventures
8480,SIMBA Storage
8481,CafeSwap Token
8482,mStable BTC
8483,Berry Data
8484,Olyseum
8485,Midas Dollar Share
8486,Midas Dollar
8487,TBCC Labs
8488,Parsiq Boost
8489,XSGD
8490,Punk
8491,Punk Basic
8492,Vesper
8493,Previse
8494,Modefi
8495,Everest
8496,Wolves of Wall Street
8497,ApeSwap Finance
8499,300FIT NETWORK
8501,Luxurious Pro Network Token
8502,Mushroom
8503,The Smokehouse
8504,MetaWhale BTC
8505,Metawhale Gold
8507,Kimochi Finance
8508,PoolTogether
8509,XMON
8510,QiSwap
8511,DeepCoin
8513,Basix
8514,McBase Finance
8515,DEVA TOKEN
8516,GorillaYield
8517,BiTToken
8518,Chickenkebab Finance
8519,Xend Finance
8520,DogeYield
8521,Our Pay
8522,TOZEX
8524,Wrapped Huobi Token
8525,Rai Reflex Index
8526,Raydium
8527,Crudeoil Finance
8528,HashBridge Oracle
8529,BeeSwap
8530,StarLink
8531,Quantfury Token
8532,Hyper Credit Network
8533,Crow Finance
8534,Chintai
8535,CORD.Finance
8536,Mask Network
8537,Channels
8538,AC Milan Fan Token
8539,Water Finance
8540,HecoFi
8541,SifChain
8543,Kangal
8544,Fractal
8545,Launchpool
8546,Rich Maker
8547,RamenSwap
8548,Aloha
8549,Polkacity
8550,Swaprol
8551,DeFi100
8552,ShuttleOne
8554,PRCY Coin
8555,Viking Swap
8556,Tcoin
8557,DexMex
8558,BT.Finance
8559,Medican Coin
8560,WhaleRoom
8561,KeyFi
8562,McDonalds Coin
8563,Extend Finance
8564,Candy Protocol
8565,Exen Coin
8566,Ballswap
8567,HAPI
8569,Libonomy
8571,Pub Finance
8572,hodlearn
8573,Koloop Basic
8574,Ape Tools
8575,ProperSix
8576,SOTA Finance
8577,ebirah
8578,BigBoys Industry
8579,Polkamarkets
8580,Naruto BSC
8585,Mirrored Facebook Inc
8588,Wault Finance
8589,Spore Engineering
8590,Cyclone Protocol
8593,FileStar
8594,Aave Enjin
8597,MP4
8598,xSigma
8599,xToken
8600,Gadoshi
8601,Font
8602,Bounce Token
8603,AntiMatter
8604,growth Root Token
8605,WOWswap
8607,Xion Finance
8608,Crypto Rewards Studio
8610,Decentralized Mining Exchange
8611,VKENAF
8612,Float Protocol
8613,Alchemix
8615,Ethernity Chain
8616,Urus
8617,PolkaFoundry
8618,Multiplier
8619,Moola
8620,Tower token
8621,yieldwatch
8622,Bancor Governance Token
8623,BSB Token
8625,SaltSwap Finance
8627,Flashstake
8629,Stacker Ventures
8630,Weather Finance
8632,Taco Finance
8634,Marsan Exchange token
8635,xDAI
8636,Trodl
8637,Tranche Finance
8638,MIMOSA
8640,Kiwi Finance
8641,DeFi Wizard
8642,Fei Protocol
8643,Shadows
8644,Kylin
8647,MurAll
8648,Chain Guardians
8649,Oxbull.tech
8650,wanBTC
8651,wanLINK
8652,wanEOS
8653,wanSUSHI
8654,wanUNI
8655,wanUSDC
8657,wanUSDT
8658,Wrapped WAN
8659,Jetfuel Finance
8660,BSCPAD
8661,Vortex Defi
8662,BSCstarter
8663,Asgard finance
8664,DragonFarm Finance
8665,Parallel
8667,Degen Protocol
8668,RYI Platinum
8671,VANCI FINANCE
8673,TotemFi
8674,AlloHash
8675,Minds
8676,Pasta Finance
8677,Symbol
8678,EHash
8679,Unido EP
8680,DEOR
8682,Warrior Token
8684,APOyield
8685,10x.gg
8687,Polkazeck
8690,CAD Coin
8691,DEXTF Protocol
8692,Shrimp Capital
8693,Slime Finance
8694,Minty Art
8695,Blank Wallet
8697,Konomi Network
8698,Ruler Protocol
8699,DEGEN Index
8700,NFT Index
8701,Siren
8703,Fusible
8704,Playcent
8707,Alpaca Finance
8708,Big Data Protocol
8709,ETHA Lend
8710,bAlpha
8711,Pando
8712,keyTango
8713,Space Cow Boy
8715,Taraxa
8716,Convergence
8717,Oddz
8719,Illuvium
8720,Inverse Finance
8721,Wealthlocks
8722,Bonkey dAPP
8723,Bogged Finance
8725,YEARNYFI NETWORK
8726,Idavoll Network
8728,Utile Network
8729,Unique Photo
8730,Belt
8731,CryptEx
8732,Swop
8733,BasketCoin
8735,Panda Dao
8736,HyruleSwap
8737,GSPI Shopping.io Governance
8738,Pastel
8739,DeadSoul
8740,SHD CASH
8741,Sovi Finance
8742,AINORI
8744,Toshimon
8745,A2A
8746,Project Inverse
8747,CheesecakeSwap Token
8748,Niubi Swap
8750,Prime Whiterock Company
8751,Tardigrades Finance
8752,Landbox
8753,srnArt Gallery
8755,Nerve Finance
8756,CoralFarm
8757,SafeMoon
8758,dFuture
8759,ZCore Finance
8760,EsportsPro
8761,Decentralized Nations
8762,Revelation Finance
8763,VeraSwap
8765,aWSB
8766,MyNeighborAlice
8767,Unifund
8768,Roxe Cash
8769,MeetPle
8770,Astronaut
8771,GYEN
8772,ZUSD
8773,Octree
8774,FlourMix
8775,Value Set Dollar
8777,Biscuit Farm Finance
8778,Whirl Finance
8779,CommunityToken
8780,Umbria Network
8781,Soju Finance
8782,BitcoinVend
8783,Transmute Protocol
8784,NFTL Token
8786,Crypto Heroes
8787,UBU Finance
8788,CELEBPLUS
8789,EDDASwap
8790,KINE
8791,CyberTime Finance Token
8792,DIESEL
8794,Typhoon Network
8795,Mute
8796,Bearn
8798,Ramifi Protocol
8799,InsurAce
8800,Dora Factory
8801,Lightning
8802,Kindcow Finance
8803,B26 Finance
8804,PREDIQT
8805,Friction Finance
8806,Carnomaly
8807,EXRT Network
8808,Treat DAO
8810,Haze Finance
8811,FlashX Ultra
8812,JustLiquidity Binance
8813,LABS Group
8814,Donnie Finance
8815,Shadetech
8816,Grumpy Cat
8817,The Gemstone
8818,UnderDog
8819,Sad Cat Token
8820,Evrice
8821,Coffee Token
8823,Poodl Token
8824,ASI.finance
8826,Moss Carbon Credit
8827,Boson Protocol
8828,NFT POOL
8829,Pig Finance
8830,Neoteric
8831,Aurix
8832,AlgoVest
8833,DeGate
8835,xMARK
8836,Superbid
8837,Scholarship Coin
8838,PWAY
8839,Eternal Cash
8840,DailySwap Token
8841,Arro Social
8843,BSCView
8844,SPRINK
8845,Lepricon
8846,Fatfi Protocol
8847,Flush LoL
8848,Apestrong finance
8851,EFT.finance
8852,UME Token
8853,Brickchain Finance
8854,FXT Token
8856,Mango Finance
8857,Anchor Protocol
8858,Cub Finance
8859,CoffeeSwap
8860,WaterDefi
8861,Movement DAO
8862,Rage Fan
8863,Splyt
8864,Quam Network
8865,vBSWAP
8866,BSC TOOLS
8868,50x.com
8869,FEB Token
8870,Tutti Frutti
8871,RYI Unity
8872,Safe Star
8873,GoSwapp
8874,DAFI Protocol
8876,ASI finance
8877,KIWIGO
8878,Rocket Bunny
8879,Pika
8880,MacaronSwap
8881,MOCHISWAP
8882,Alliance Fan Token
8883,Sint-Truidense Voetbalvereniging Fan Token
8884,stanbul Baakehir Fan Token
8885,Novara Calcio Fan Token
8886,USDP Stablecoin
8887,Cryptocurrency Top 10 Tokens Index
8888,ASSY Index
8889,Oracle Top 5 Tokens Index
8891,Bitcoin Standard Hashrate Token
8892,Klondike BTC
8893,Cream ETH 2
8894,Deeper Network
8896,Unslashed Finance
8897,KickPad
8899,xSUSHI
8901,Rare Pepe
8902,FM Gallery
8904,renZEC
8905,BitSong
8906,Klondike Finance
8907,Farming Bad
8908,ImpulseVen
8909,Stater
8910,Daily
8911,Strike
8912,Tidal Finance
8913,DaftCoin
8914,Magikarp Finance
8915,Battle Pets
8917,Shyft Network
8918,Matic Aave Interest Bearing USDC
8919,Matic Aave Interest Bearing USDT
8920,Matic Aave Interest Bearing AAVE
8921,Matic Aave Interest Bearing YFI
8923,Matic Aave Interest Bearing LINK
8925,Wrapped Matic
8926,A2DAO
8927,NFT Wars
8928,Pocket Bomb
8929,OREO
8930,Ethbox
8931,Collective
8934,StakerDAO
8936,Trias Token (new)
8937,Woonkly Power
8938,Ellipsis
8939,Nimbus
8941,B Non-Fungible Yearn
8943,WHITEX
8944,HOGL finance
8945,StakedZEN
8946,Habitat
8947,COPS FINANCE
8949,IFToken
8950,Cash Tech
8951,ThunderSwap
8952,Farm Space
8953,MYFinance
8955,Vancat
8956,Brosispay
8957,Bitcoin Asset
8959,NCAT Token
8960,LNAsolution Coin
8961,Futureswap
8962,ETNA Network
8963,UnMarshal
8964,Blizzard.money
8966,Safemars
8967,Hue
8968,Polkamon
8970,Polkalokr
8971,MerchDAO
8972,Seedify.fund
8974,Polka Ventures
8982,Pepper Finance
8983,trees.finance
8984,BlowFish
8992,Cellframe
8993,SafeBTC
8994,Delta
8997,Cook Protocol
8998,Kong Defi
9001,Marko Finance
9005,Connectico
9006,MoonDAO
9008,AMMYI Coin
9009,SaturnV Gold
9014,Converter.Finance
9015,Cope
9016,DAOhaus
9018,GamyFi Platform
9019,Polar
9020,Toko Token
9021,Wrapped XDAI
9022,Satoshi
9023,Bit
9025,Tribe
9026,Blind Boxes
9027,Uhive
9028,Co2Bit
9029,Graphlinq Protocol
9031,Meliora
9032,DDS.Store
9033,LCMS
9034,pETH18C
9035,Vidiachange
9036,SafeNebula
9038,HyperAlloy
9039,Pilot
9040,Pundi X[new]
9041,MU DANK
9042,Fridge Token
9043,Stone DeFi
9045,JPYC
9046,8PAY
9047,CARD.STARTER
9051,Swirl Cash
9053,UREEQA
9054,Robo Token
9055,BerrySwap
9056,Rebasing Liquidity
9059,Mero
9060,BTA Protocol
9061,Rainicorn
9062,LinkPool
9063,PancakeTools
9065,Realfinance Network
9066,DCTDAO
9067,Olympus
9068,Nodeseeds
9069,Goatcoin
9070,CFX Quantum
9072,bMeme Cash
9073,Popsicle Finance
9074,ZUZ Protocol
9075,Bafi Finanace
9076,FetaToken
9077,WasabiX
9078,FansCoin
9082,Swampy
9083,Equalizer
9084,Newv Finance
9086,Minter HUB
9087,xDeFi
9088,Fairmoon
9089,Tenset
9090,Pumpy farm
9091,CPCoin
9092,XBE Token
9093,Mixty Finance
9096,Vlad Finance
9097,Try.Finance
9099,XANALIA
9101,GYA
9103,GAMEE
9104,AIOZ Network
9105,ARTX Trading
9106,RougeCoin
9107,Zilswap
9108,Method Finance
9109,Savix
9110,Kattana
9112,Force DAO
9114,Bitcoin
9115,WorkQuest
9116,Finminity
9117,Oction
9119,Alien Worlds
9121,CUE Protocol
9122,COMOS Finance
9123,SEFI
9124,Manyswap
9125,Gains Associates
9126,Wrapped ECOMI
9128,B360
9129,BTSunicorn
9132,MobiFi
9137,UNITi Protocol
9138,PhoenixDefi.Finance
9140,Moonshot
9143,Weiner Finance
9144,RAI Finance
9145,Yellow Road
9146,Sqrtle Finance
9147,yBEAR.finance
9148,Drep [new]
9149,Cryptonovae
9150,Orakuru
9151,ShardingDAO
9152,Octree
9153,Interest Bearing Defi Pulse Index
9154,Elastic Governance
9155,Digital Fitness
9156,Space Hoge
9157,BasketDAO
9158,moonwolf.io
9159,LifeLine
9160,Linkflow Finance
9161,Brainaut Defi
9162,Blue Swap
9163,Secure Pad
9165,Magic Balancer
9166,CarrotCake
9168,PYXIS Network
9169,MMAON
9170,Visor.Finance
9171,AMPnet Asset Platform and Exchange
9172,Professional Fighters League Fan Token
9175,MOBOX
9178,ElonGate
9179,Defi For You
9181,YFS.FINANCE
9184,Torj.world
9185,FairEclipse
9186,Dark Matter
9192,Kambria Yield Tuning Engine
